date,volume,open,high,low,close,price_difference,ma10,ma30,rsi,macd,macdsignal,macdhist,snownlp,bert
2018/1/2,18055269,231.5,232.5,231,232.5,3,226.95,230.5666667,55.63715403,-1.349964405,-2.103346878,0.753382473,0.856003346,-1
2018/1/10,25716220,241.5,242,236,236.5,-5.5,235,230.3833333,55.91723944,2.147261986,0.53508236,1.612179626,0.06460676,-1
2018/1/18,50119952,245,250,245,248.5,6.5,240.35,232.4166667,70.57529664,3.246930441,2.010839329,1.236091113,0.797685494,-1
2018/1/19,55061292,253.5,255.5,251.5,255.5,7,241.9,233.3833333,76.07709061,4.295089434,2.46768935,1.827400084,0.252069859,-1
2018/1/22,45907509,257.5,262,257,261.5,6,243.85,234.5333333,79.59833201,5.545982213,3.083347923,2.46263429,0.033804358,-1
2018/1/23,34606444,262.5,266,262.5,266,4.5,246.25,235.8166667,81.76607556,6.821798695,3.831038077,2.990760618,0.010049375,-1
2018/1/24,42600813,263,263,256.5,258,-8,248.4,236.8333333,67.94446992,7.105452079,4.485920877,2.619531202,0.739860341,-1
2018/2/1,30900457,257.5,261,257,259.5,4.5,258,242.6666667,64.0678714,6.325440425,6.061800333,0.263640092,0.050606601,-1
2018/2/2,25707560,259,260,255,259.5,0,258.4,243.8166667,64.0678714,6.293405708,6.108121408,0.1852843,0.656210879,-1
2018/2/6,104448048,242.5,243.5,234,239,-14,254.85,245.0166667,41.64332669,4.014451208,5.620578989,-1.606127781,0.661199174,-1
2018/2/9,65939265,230,233,228.5,232.5,-6,248.85,246.15,36.88163491,0.205290376,3.526099524,-3.320809149,0.017826632,-1
2018/2/12,42917236,235.5,237.5,235,236.5,4,246.65,246.3833333,41.53778913,-0.57036868,2.706805883,-3.277174564,0.094944557,-1
2018/2/26,36165810,247,247.5,245,246.5,1.5,241.3,247.2,51.84264902,-0.545649394,0.665755577,-1.211404971,0.996207487,-1
2018/3/2,35289170,240,241,238.5,240,-3,241,247.4833333,45.35798343,-0.752426007,0.072663294,-0.825089301,0.121197491,1
2018/3/5,27337846,242.5,243,240.5,241.5,1.5,241.3,247.7,47.07804027,-0.862414773,-0.114352319,-0.748062453,0.523764462,-1
2018/3/8,20645694,249.5,251.5,249,249.5,2.5,244.8,248.6666667,54.74103563,0.358293925,-0.024356806,0.38265073,0.029605195,-1
2018/3/26,39487945,241.5,244.5,241.5,243.5,-1.5,252.65,247.35,42.22722193,0.844954463,1.848320191,-1.003365727,0.841097537,-1
2018/3/28,29924411,247.5,248,244,245,-6,250.65,246.8,45.47773323,0.394984082,1.400571742,-1.00558766,0.33008745,-1
2018/3/30,16996346,247.5,249.5,246,246,2,248.65,247.1666667,47.05176675,-0.254042879,0.836155814,-1.090198694,0.214671026,-1
2018/4/2,19029003,248.5,249,245,246.5,-1,247.25,247.9333333,47.73642878,-0.384873651,0.412646678,-0.797520328,0.930786661,-1
2018/4/9,35465824,248,248,243.5,245,1,245.75,248.2666667,46.15149614,-0.785720948,0.001579059,-0.787300006,0.058857282,-1
2018/4/10,25268994,244.5,249,243.5,245.5,0.5,245.8,248.4666667,46.9250752,-0.836503324,-0.166037418,-0.670465907,0.07253027,0
2018/4/13,19946548,246,246,244,244.5,-0.5,245.6,248.4666667,45.73096417,-0.87533812,-0.468135525,-0.407202596,0.182941465,-1
2018/4/16,21608528,243,244,242,243.5,-1,245.55,248.4833333,44.29868664,-1.030412374,-0.580590894,-0.44982148,0.292136756,0.5
2018/4/17,42756389,243,243.5,237.5,238,-5.5,244.75,248.4166667,37.3668182,-1.578913144,-0.780255344,-0.7986578,0.874241429,-1
2018/4/19,33230989,242,244.5,241,244.5,6.5,243.6,248.1166667,48.42783094,-1.772044099,-1.172277345,-0.599766755,0.67552929,-0.6
2018/4/20,129890087,228,231.5,228,229,-15.5,242.1,247.5166667,33.31769454,-2.817039264,-1.501229729,-1.315809535,0.089511969,-0.333333333
2018/4/23,71901975,226.5,227.5,225,226.5,-2.5,240.25,246.75,31.60484196,-3.803094856,-1.961602754,-1.841492102,0.747137461,-0.333333333
2018/4/25,48975110,225.5,226,224,225,-2,236.1,245,30.89631071,-5.140836953,-3.002380254,-2.138456698,0.013349529,-1
2018/4/30,28500789,224.5,228,222.5,227,3.5,230.05,241.7166667,36.89744326,-6.110429873,-4.494790267,-1.615639606,0.841525696,-1
2018/5/4,28477722,221,224,220.5,223,2.5,224.65,238.5,35.6062562,-6.525071747,-5.466140939,-1.058930808,0.04277025,-1
2018/5/8,40324763,224,228.5,223.5,228,4.5,224.25,236.75,43.25426764,-5.811131158,-5.679232128,-0.13189903,0.038497989,1
2018/5/9,35597934,228.5,232,228.5,229.5,1.5,224.5,236.2333333,45.36575728,-5.189956492,-5.581377001,0.391420509,0.341195365,-1
2018/5/16,14834107,229.5,230.5,228.5,230.5,0,228.1,233.8,46.81591366,-2.60784732,-4.009023414,1.401176094,0.50808811,-1
2018/5/18,28187541,225.5,227.5,223.5,223.5,-3,228.75,232.3333333,37.86772998,-2.915931795,-3.575109273,0.659177478,0.244535555,-1
2018/5/21,16417815,225,230,225,229,5.5,229.3,231.8333333,46.83242985,-2.641788673,-3.388445153,0.74665648,0.039493376,-1
2018/5/22,22422097,230,233.5,229,229,0,229.4,231.3,46.83242985,-2.396898321,-3.190135787,0.793237465,0.26196423,-1
2018/5/23,26737899,231.5,231.5,228.5,228.5,-0.5,229.3,230.7333333,46.13067563,-2.21760362,-2.995629353,0.778025733,0.350093846,-1
2018/5/25,16486294,228.5,229.5,228,228.5,-0.5,228.8,229.55,46.19609919,-1.867823409,-2.612683098,0.744859689,0.121441705,-1
2018/5/29,25770776,226.5,226.5,223.5,225,-2,227.65,228.35,40.79741012,-1.980271336,-2.364692781,0.384421446,0.98155759,-1
2018/6/5,27714384,230,230,226.5,229,0,226.5,226.7166667,50.63543058,-1.652954178,-2.179531161,0.526576983,0.681812047,-1
2018/6/8,24192851,229,229,226,227,-3,226.6,227.15,46.72074004,-0.956119098,-1.625831967,0.669712869,0.103715343,1
2018/6/11,22028933,226.5,227,225,226,-1,226.5,227.2333333,44.98623727,-1.014523917,-1.503570357,0.48904644,0.969216265,-1
2018/6/12,30189360,225,229,224,229,3,226.9,227.3,50.87802442,-0.809404913,-1.364737268,0.555332355,0.040468036,-1
2018/6/19,61142624,225.5,226,224,225,-6,228.55,228.1166667,45.02464182,-0.497636984,-0.803310615,0.30567363,0.543328426,-1
2018/6/21,32572707,227.5,228,226,226.5,0.5,227.9,227.95,47.31284047,-0.661354919,-0.744907011,0.083552092,0.893504217,-1
2018/6/22,44211409,224.5,227.5,224,227.5,1,227.65,227.8833333,48.9157013,-0.609789925,-0.717883594,0.108093669,0.485077299,-1
2018/6/25,49058211,220,220.5,218,218,-9.5,226.75,227.3833333,37.30483869,-1.320275586,-0.838361992,-0.481913594,0.112105486,-1
2018/6/26,43080346,215.5,216,212.5,214.5,-3.5,225.6,226.7666667,34.09396761,-2.141080299,-1.098905654,-1.042174645,0.108189692,-1
2018/6/27,40863414,216,216,212.5,213,-1.5,224,226.1833333,32.79132706,-2.879419259,-1.455008375,-1.424410884,0.011622651,-1
2018/6/28,38816780,211,214.5,210,212,-1,222,225.5666667,31.91584585,-3.504848139,-1.864976328,-1.639871812,0.614134229,-1
2018/7/10,20196957,223,224,222,222,0.5,216.1,222.7333333,50.98851592,-2.481604445,-3.068475921,0.586871476,0.027313868,-1
2018/7/11,19854690,220,220,218,220,-2,216.8,222.5666667,47.99069586,-2.194632184,-2.893707174,0.69907499,0.353457992,-1
2018/7/17,22554436,222.5,223.5,221,221.5,-2,220.1,222.3,49.85095692,-0.807456903,-1.866051069,1.058594166,0.213956469,-1
2018/7/18,45802658,223,224,222,223,1.5,220.8,222.1,52.25597025,-0.561600554,-1.605160966,1.043560412,0.039282876,-1
2018/7/19,43976216,225.5,227,224.5,224.5,1.5,221.8,221.9166667,54.60067888,-0.242919933,-1.332712759,1.089792826,0.362766166,-0.714285714
2018/7/20,103652023,235,237.5,233,237.5,13,223.85,222.1666667,68.86960335,1.046563972,-0.856857413,1.903421385,0.288803324,-1
2018/7/23,52269877,239,245,238.5,241,3.5,225.8,222.6333333,71.46952499,2.324119009,-0.220662128,2.544781138,0.400257398,-1
2018/7/30,22803730,244.5,245.5,244,245.5,1,236,224.9,74.55493189,5.68685249,3.147161747,2.539690743,0.683374974,-1
2018/8/1,29777161,247,248,246.5,248,2,240.95,226.3333333,76.52726999,6.467570036,4.279530713,2.188039323,0.96381877,-1
2018/8/2,22775110,249,249.5,243.5,244.5,-3.5,242.95,226.9333333,68.41586249,6.423049205,4.708234411,1.714814794,0.031480495,-1
2018/8/6,22364568,245,247,244,245.5,-1.5,244.35,228.5,67.50845086,6.39207709,5.333989644,1.058087445,0.314135036,-0.5
2018/8/7,24352418,245,245.5,241.5,241.5,-4,244.4,229.4,59.56319506,5.904306554,5.448053026,0.456253528,0.777590301,1
2018/8/9,15128655,247,248,246,247,-0.5,245.7,231.7166667,65.08974183,5.84886292,5.605886054,0.242976865,0.01822896,-1
2018/8/10,16125492,246.5,247,244.5,245,-2,245.75,232.6666667,61.35426418,5.556356232,5.59598009,-0.039623858,0.045080877,-1
2018/8/15,19236321,244.5,244.5,239.5,241.5,-2,244.35,235.3666667,54.43259752,4.110000127,5.047431941,-0.937431814,0.497744063,-1
2018/8/20,17014437,239.5,240,238,239.5,0,242.45,237.5333333,51.41743126,2.606467574,4.035935652,-1.429468078,0.005842831,-1
2018/8/21,13871127,239,241,238.5,241,1.5,242.4,238.1666667,53.75913339,2.374767004,3.703701922,-1.328934918,0.733624609,-1
2018/8/23,17216240,243,244.5,243,244.5,2.5,241.6,239.7,58.99810897,2.318850447,3.193490428,-0.874639981,0.581065817,-1
2018/8/27,15579299,246,246.5,244.5,245,1.5,241.9,241.05,59.23368107,2.325113456,2.872020216,-0.546906761,0.277974851,-1
2018/8/28,40410531,248.5,250,248,249.5,4.5,242.5,241.9833333,65.15437422,2.700948841,2.837805941,-0.1368571,0.035600557,-1
2018/8/29,57633182,253.5,259,253.5,259,9.5,244.25,243.1833333,73.80406729,3.722461478,3.014737049,0.707724429,0.243288349,-1
2018/8/31,70000506,257.5,259,254,256,-7.5,248.35,245.1,63.8646696,5.060956429,3.715918203,1.345038226,0.131825515,-1
2018/9/3,34510555,259,260,256.5,257,1,250.1,245.6333333,64.71518505,5.256680951,4.024070752,1.232610198,0.509231819,-1
2018/9/5,52706459,260,264.5,259,264,6.5,253.95,246.9666667,70.35153924,5.951559054,4.628118247,1.323440807,0.805443198,-1
2018/9/6,39779488,268,268,261,261,-3,255.6,247.6333333,65.4979034,6.084381044,4.919370807,1.165010238,0.139785791,-1
2018/9/7,44746728,263,264,260.5,264,3,257.65,248.2833333,67.88405982,6.358422421,5.207181129,1.151241292,0.457384406,-1
2018/9/10,62851599,266.5,266.5,262.5,264.5,0.5,259.6,248.9166667,68.27783619,6.540552589,5.473855421,1.066697168,0.1718712,-1
2018/9/11,44981276,263,263.5,258,260,-4.5,260.65,249.3833333,61.02565479,6.249736594,5.629031656,0.620704938,0.216899436,-1
2018/9/12,38415965,261,262,258,260.5,0.5,260.8,249.8,61.51478557,5.990553275,5.70133598,0.289217296,0.501311022,-1
2018/9/13,37959180,260,260,253.5,255,-5.5,259.95,250.15,53.55305007,5.280474569,5.617163698,-0.336689128,0.119407398,-1
2018/9/17,25041358,262.5,262.5,257,258,-3,260.55,251.0333333,55.72318612,4.736659424,5.365132848,-0.628473424,0.012034721,-1
2018/9/18,34381152,256.5,257,254,254.5,-3.5,260.25,251.4666667,51.43516575,4.085432547,5.109192788,-1.023760241,0.060536473,-1
2018/9/19,69978711,258,260,257,258,3.5,259.65,251.8166667,55.15180613,3.807856702,4.848925571,-1.041068869,0.0319791,-1
2018/9/25,24978062,261.5,264,260.5,263.5,2,259.2,253.5666667,60.65093519,3.820352028,4.31388701,-0.493534982,0.119873108,-1
2018/9/26,25061115,263,263.5,261,263.5,0,259.55,254.2333333,60.65093519,3.867530858,4.22461578,-0.357084922,0.004130042,-1
2018/10/2,38391491,262,263,257,257.5,-5.5,260.9,257.1833333,50.1929301,3.117184337,3.842336763,-0.725152426,0.168594818,-1
2018/10/3,25228536,257.5,260,257,260,2.5,261.45,257.8166667,53.47757271,2.826754519,3.639220314,-0.812465795,0.685185529,-1
2018/10/4,38009727,257,257.5,254,254,-6,261.05,258.2166667,45.68981467,2.088363584,3.329048968,-1.240685384,0.651974633,-1
2018/10/5,40396660,250,253,248.5,250,-4,260.05,258.4,41.36500258,1.166964833,2.896632141,-1.729667308,0.187016374,-1
2018/10/8,51083958,245.5,246.5,241,243.5,-6.5,258.25,258.4,35.48670496,-0.086746038,2.299956505,-2.386702543,4.36E-05,-1
2018/10/9,28933345,243.5,245,242,244,0.5,256.3,258.3666667,36.23733562,-1.028123546,1.634340495,-2.662464041,0.052932666,-1
2018/10/11,96033657,233.5,233.5,227,227.5,-16.5,252.7,257.6333333,25.63659784,-3.070192836,0.693433829,-3.763626664,0.713529107,0
2018/10/16,39129077,229.5,237,229,237,6.5,244.1,255.1666667,39.86955721,-5.275681436,-1.993822212,-3.281859223,0.6352043,-1
2018/10/17,42887858,241.5,243,238,238.5,1.5,242.2,254.55,41.30853323,-5.324466328,-2.659951036,-2.664515292,0.517261514,-1
2018/10/18,27793430,238,239,235.5,236.5,-2,239.85,253.85,39.93623136,-5.46155459,-3.220271746,-2.241282844,0.479548634,-1
2018/10/19,29648460,231,236.5,230,236,-0.5,238.05,252.9166667,39.58220585,-5.546606025,-3.685538602,-1.861067423,0.193037747,-1
2018/10/24,45480950,230,231,227,229.5,-0.5,233.95,249.8166667,35.33902607,-6.220878141,-4.776406503,-1.444471639,0.358125729,-1
2018/10/25,75524118,220.5,222,219.5,219.5,-10,233.15,248.4666667,29.3730641,-7.194004754,-5.259926153,-1.934078601,0.133971827,-1
2018/10/26,54073644,223,224,217,221,1.5,231.55,247.15,31.24800319,-7.754784809,-5.758897884,-1.995886925,0.117025141,-1
2018/10/31,59933201,228,234,228,234,11,228.9,244,46.37133177,-7.106818658,-6.677974098,-0.42884456,0.964336987,-1
2018/11/8,28086146,237.5,237.5,236,236.5,2.5,231.25,239.0333333,49.40809216,-3.202607137,-4.843444504,1.640837366,0.302187444,-1
2018/11/9,23792081,234.5,234.5,231,231,-5.5,232.25,237.9,43.49335134,-3.167083315,-4.508172266,1.341088951,0.287432597,-1
2018/11/14,24565279,230,231,228.5,228.5,1,233.05,234.7166667,41.56924032,-3.308051996,-3.884472683,0.576420687,0.282659847,-1
2018/11/15,22230228,229.5,232,228.5,231,2.5,232.6,233.75,45.0946535,-3.103776262,-3.728333399,0.624557137,0.963924292,1
2018/11/16,47138909,229,229,225,226,-5,231.55,232.8166667,39.9084661,-3.3072209,-3.644110899,0.336889999,0.014723805,-1
2018/11/19,51034754,225,225,221,222,-4,230.25,231.8833333,36.31070363,-3.74801404,-3.664891527,-0.083122513,0.176678183,-1
2018/11/20,45686756,219,220.5,218,218,-4,228.6,231.0333333,33.09743879,-4.369740698,-3.805861361,-0.563879337,0.660921988,-0.333333333
2018/11/21,38478343,214.5,220,214,219,1,227.1,230.2,34.65431283,-4.727278785,-3.990144846,-0.737133939,0.247406556,1
2018/11/22,22060610,221.5,222,219,219,0,225.35,229.9166667,34.65431283,-4.953529094,-4.182821696,-0.770707399,0.121703077,-1
2018/11/26,35267804,219,224,218.5,223,4.5,223.25,229.05,41.71459976,-4.822872527,-4.459856598,-0.363015928,0.396992877,-1
2018/11/27,32676349,220,224.5,219,224,1,222.9,228.6166667,43.26646868,-4.459870312,-4.459859341,-1.10E-05,0.003755463,-1
2018/11/30,57352957,229.5,231,225.5,225.5,-3.5,222.45,227.6166667,45.96214406,-2.984698138,-3.904760031,0.920061893,0.046643473,-1
2018/12/3,49612186,231,235,231,235,9.5,223.75,227.55,57.41326703,-1.975466578,-3.518901341,1.543434763,0.194513463,-1
2018/12/5,45634576,226.5,227.5,225,226,-8,226.05,227.5666667,46.64022519,-1.29140091,-2.709099877,1.417698967,0.46653689,-1
2018/12/6,40181112,220,222,219.5,220,-6,226.15,227.5833333,41.06398881,-1.794007094,-2.52608132,0.732074226,0.325354732,-1
2018/12/7,31997568,222.5,223.5,220.5,221,1,226.4,227.5833333,42.30213999,-2.087570263,-2.438379109,0.350808846,0.371712544,-1
2018/12/10,26229461,219.5,220,218.5,219,-2,226,227.4666667,40.47087896,-2.453324082,-2.441368103,-0.011955979,0.393402504,-1
2018/12/12,32926379,223.5,227,222.5,226.5,4,225.85,227.2,49.63684458,-2.06977081,-2.365665421,0.29589461,0.082847484,-1
2018/12/13,32433141,227,227.5,225,226,-0.5,225.55,226.8833333,49.07562697,-1.801705504,-2.252873437,0.451167933,0.101019132,-1
2018/12/18,30270541,221,223,220.5,222.5,-1,222.95,225.6333333,45.36114625,-1.797849668,-2.035903602,0.238053934,0.892624092,-1
2018/12/19,23415082,222,225.5,222,225.5,3,222.9,225.35,49.41136712,-1.546069097,-1.937936701,0.391867604,0.076610056,-1
2018/12/20,38697116,221,222.5,221,221,-4.5,223,224.8333333,44.12738585,-1.690160455,-1.888381452,0.198220997,0.115358049,-1
2019/1/7,35695176,212,214,211,213,5,218,222.55,41.21187739,-3.144373388,-2.298729315,-0.845644073,0.530690741,-1
2019/1/9,51255446,212,216.5,211,215.5,4.5,216.5,221.8666667,44.98855677,-3.309969602,-2.686878949,-0.623090653,0.020230909,-1
2019/1/10,20832593,216,216.5,214.5,216,0.5,216.35,221.5166667,45.57721622,-3.114336742,-2.772370507,-0.341966235,0.985401986,-1
2019/1/15,42990923,216.5,221,215.5,221,2.5,215.85,220.5333333,51.32939275,-1.808341317,-2.47248691,0.664145593,0.208714485,-1
2019/1/16,30038282,218.5,220,217.5,217.5,-3.5,215.65,219.9833333,47.41437175,-1.706998017,-2.319389131,0.612391114,0.131021085,-1
2019/1/17,21163986,218,221,218,220.5,3,216.15,219.8,50.87316534,-1.368828788,-2.129277063,0.760448275,0.358158531,-1
2019/1/18,52677569,219,220,217.5,218.5,-2,217.2,219.75,48.57912681,-1.247826357,-1.952986921,0.705160565,0.076453115,-1
2019/1/22,30958483,220,223,219,223,2,219.2,219.8833333,53.79975686,-0.527458778,-1.505703136,0.978244357,0.176282786,-1
2019/1/25,48039764,226.5,227,225,226,3.5,220.9,219.6833333,56.96214203,0.355878192,-0.771950072,1.127828264,0.360948449,-1
2019/1/28,29134257,229.5,229.5,228,229,3,221.95,219.9,60.06425788,0.973977648,-0.422764528,1.396742176,0.039708421,-1
2019/1/29,42566520,222.5,225,222,222.5,-6.5,222.1,219.8666667,51.41678741,0.928625626,-0.152486497,1.081112123,0.455073284,-1
2019/1/30,51889945,220.5,221.5,220,221,-1.5,222.45,219.8166667,49.64066399,0.762852666,0.030581335,0.732271331,0.39208908,-1
2019/2/12,30125670,230,230,229,230,2,224.35,220.2,58.95803486,1.65767911,0.54033742,1.11734169,0.027619897,-1
2019/2/15,22369799,229,229,226.5,227,0,226.2,220.8,54.89933677,1.967130752,1.231488361,0.735642391,0.271778072,-1
2019/2/18,18163916,229,230.5,228.5,230,3,226.95,221.2166667,58.30906804,2.186577323,1.422506153,0.76407117,0.225047113,-1
2019/2/19,18423023,230,230.5,229,229,-1,227.25,221.6333333,56.7684061,2.253818057,1.588768534,0.665049523,0.488096441,-1
2019/2/20,31887710,231.5,234.5,231,234.5,5.5,227.8,222.0166667,62.61864574,2.719561447,1.814927116,0.90463433,0.297165661,-1
2019/2/21,34013489,235.5,236.5,234.5,236.5,2,229.2,222.3833333,64.49992665,3.21301212,2.094544117,1.118468003,0.009928078,-1
2019/2/26,24586789,239,240,236.5,239.5,1.5,232.7,224.75,67.45853051,4.268068746,3.00868746,1.259381286,0.842555252,-1
2019/3/8,22535659,231,231.5,229,230,-4,235.6,228.45,49.50549912,2.798707761,3.386357985,-0.587650224,0.04093487,1
2019/3/11,34282793,228,230.5,227.5,230.5,0.5,235,228.7666667,50.33949585,2.370981846,3.183282757,-0.812300911,0.08230237,-1
2019/3/18,27040532,239.5,241,239,241,2,234.85,231.65,63.29834273,2.929981573,2.811446187,0.118535386,0.476720678,-1
2019/3/19,14620009,239,240.5,238,240.5,-0.5,235.6,232.3166667,62.31581972,3.097706241,2.868698198,0.229008044,0.251581481,-1
2019/3/22,22996467,248,248.5,244.5,248.5,3,239.4,234.2666667,70.8435634,4.242445249,3.337220351,0.905224898,0.615563479,-1
2019/3/27,23622089,242,242.5,240.5,241.5,-2.5,241.8,236.1166667,56.54083042,3.789791168,3.630087729,0.159703439,0.005152443,-1
2019/4/8,46426821,251,253,250.5,253,6.5,245.4,239.6666667,69.60279492,4.208510657,3.779859731,0.428650927,0.259924322,-1
2019/4/9,22745674,253,254,252,254,1,245.95,240.3166667,70.52521264,4.619512908,3.947790366,0.671722542,0.273388482,-1
2019/4/10,33174934,253,254.5,252,254,0,247.2,240.9,70.52521264,4.888879196,4.136008132,0.752871064,0.100664329,0
2019/4/11,25146840,253,254,251.5,252,-2,248,241.4166667,65.88757443,4.884663277,4.285739161,0.598924116,0.311371083,-1
2019/4/16,20231648,257,257,255.5,257,1.5,251.55,243.0166667,71.45549082,5.205803395,4.653740437,0.552062958,0.406116126,-1
2019/4/17,39037191,260,263,259.5,261.5,4.5,253.15,243.8833333,75.5303407,5.663793476,4.855751045,0.808042431,0.075070226,-1
2019/4/18,48525490,264,266,263.5,264.5,3,255,244.9333333,77.80510096,6.197389198,5.124078676,1.073310522,0.64070239,-0.5
2019/4/19,47698699,269,269.5,263.5,264.5,0,256.8,245.95,77.80510096,6.544823006,5.408227542,1.136595464,0.107246059,-1
2019/4/22,24967393,266.5,267.5,265,266,1.5,258.1,247.0166667,78.94036757,6.862102223,5.699002478,1.163099745,0.322667398,-1
2019/4/24,37386755,270,270,267.5,269,1,261,249.5666667,81.0783926,7.448325616,6.287750928,1.160574688,0.350761709,-1
2019/4/30,40446419,260,260.5,258,259,-0.5,263.95,252.9,57.3982539,5.481954227,6.275931479,-0.793977252,0.00914875,-1
2019/5/9,34166574,259.5,259.5,256,256.5,-3.5,260.8,256.3333333,49.53673338,3.151951944,4.592896203,-1.440944259,0.148153251,-1
2019/5/13,29317535,253,254,249.5,250.5,-5.5,258.7,257.0333333,41.74343361,1.660472277,3.684052863,-2.023580585,0.392300367,-1
2019/5/14,45620708,247.5,251,245,248.5,-2,257.6,257.25,39.49934427,0.763022985,3.099846887,-2.336823902,0.001838291,-1
2019/5/15,37223479,251,252,249,249,0.5,256.6,257.3666667,40.36251359,0.091083819,2.498094274,-2.407010454,0.005514766,-1
2019/5/16,30331519,248.5,249.5,246,247,-2,255.4,257.4166667,38.02552898,-0.595946397,1.879286139,-2.475232537,0.657551498,-1
2019/5/17,40006856,249,249,241.5,241.5,-5.5,253.05,257.2666667,32.45959421,-1.566172961,1.190194319,-2.75636728,0.779826233,0
2019/5/20,47097661,242.5,243,238,238,-3.5,250.95,256.9833333,29.50035465,-2.587676132,0.434620229,-3.022296361,0.3183057,-1
2019/5/21,82872775,233.5,236,232.5,234,-4,248.1,256.35,26.52419713,-3.677598263,-0.387823469,-3.289774793,0.290216837,-1
2019/5/23,62258627,233.5,233.5,230,230,-8,243.25,255.0166667,27.84695852,-5.147375033,-1.944966441,-3.202408592,0.03203955,-1
2019/5/24,38226789,230,234,230,233,3,240.95,254.3833333,32.59150807,-5.614735568,-2.678920266,-2.935815302,0.201150619,-1
2019/5/27,37447033,234,235,231,231,-2,239,253.6833333,31.12222845,-6.076459798,-3.358428173,-2.718031625,0.569288198,-0.6
2019/5/28,99322033,232,232,230.5,230.5,-0.5,237.2,252.85,30.74901618,-6.408848186,-3.968512175,-2.44033601,0.423949531,-1
2019/5/29,32260236,228,230.5,227,229.5,-1,235.25,251.9333333,29.9748105,-6.676003211,-4.510010382,-2.165992829,0.237013377,-1
2019/5/30,40375328,230,231.5,229,231,1.5,233.65,250.9166667,32.71159926,-6.689574775,-4.945923261,-1.743651514,0.324707516,-0.5
2019/5/31,49163217,232,237.5,231,235.5,4.5,233.05,249.95,40.25542118,-6.264998938,-5.209738396,-1.055260542,0.364949808,-1
2019/6/3,36687092,235.5,238.5,232,238,2.5,233.05,249.0666667,44.01091271,-5.661527852,-5.300096288,-0.361431565,0.30389063,-0.6
2019/6/4,24443428,237.5,238,233,233,-5,232.95,247.9666667,38.76285376,-5.523064434,-5.344689917,-0.178374517,0.483811724,-1
2019/6/5,35901584,238,238,234,235,2,232.65,246.8666667,41.75473027,-5.192096634,-5.31417126,0.122074626,0.033316228,-1
2019/6/6,34651731,231.5,232,229.5,232,-3,232.85,245.6333333,38.70037314,-5.112938424,-5.273924693,0.160986269,0.128043981,-1
2019/6/10,35521888,237.5,240,234.5,240,8,233.55,244.7166667,49.34215314,-4.354476141,-5.090034983,0.735558841,0.060385106,-1
2019/6/12,30409556,244.5,247.5,243,246,1.5,236.45,243.75,55.67659091,-2.408091009,-4.275503197,1.867412188,0.342060453,-1
2019/6/13,33731724,242.5,244,240,240,-6,237.5,243.1166667,48.74143122,-2.120032059,-3.84440897,1.724376911,0.750970249,1
2019/6/14,35403556,238.5,239.5,236,236,-4,238,242.35,44.74035622,-2.189273257,-3.513381827,1.32410857,0.004611691,-1
2019/6/17,51692012,231.5,235,230.5,233,-3,237.75,241.2833333,41.95844212,-2.457889315,-3.302283325,0.84439401,0.073458232,-1
2019/6/18,28798087,234,235.5,233,235.5,2.5,237.5,240.5,45.02608221,-2.440903157,-3.130007291,0.689104134,0.003084427,-1
2019/6/24,43460507,241,242,240,241,5.5,241.35,238.6166667,49.92484861,-0.208627955,-1.67533461,1.466706655,0.600404111,-1
2019/6/26,28770041,235,236.5,234,234.5,-4,239.6,237.75,43.91631723,-0.819515555,-1.296058779,0.476543224,0.477092693,-1
2019/7/2,26832202,249.5,250,247.5,249,0.5,242.85,237.8,57.41760108,0.717907896,-0.53140217,1.249310066,0.978556313,-1
2019/7/3,29549774,244,245,242,242.5,-6.5,242.7,238.0833333,50.87897712,0.690410645,-0.287039607,0.977450252,0.253159483,-1
2019/7/4,18691240,244.5,245,242.5,244,1.5,242.6,238.2833333,52.23089711,0.780657407,-0.073500204,0.854157611,0.475636142,-1
2019/7/5,27317074,244.5,245,241.5,243,-1,242.05,238.7166667,51.21883605,0.762695098,0.093738856,0.668956242,0.009537283,-1
2019/7/8,29190909,240,244.5,240,242.5,-0.5,242.2,239.0333333,50.68995763,0.700044343,0.214999954,0.485044389,0.165044328,-1
2019/7/9,16538987,241.5,243,240.5,242,-0.5,242.55,239.4,50.13247673,0.60309524,0.292619011,0.310476229,0.026543617,-1
2019/7/10,23812131,243,247,243,247,5,243.8,239.95,55.41326128,0.919125485,0.417920306,0.501205179,0.08351719,-1
2019/7/11,31296289,250,250,247.5,250,3,244.75,240.6333333,58.26873479,1.395569403,0.613450125,0.782119278,0.359065132,-1
2019/7/12,23868432,252,252,249.5,250.5,0.5,245.9,241.2833333,58.74298083,1.79283379,0.849326858,0.943506932,0.688619647,1
2019/7/15,34264300,251,254.5,249.5,254.5,4,246.5,241.9166667,62.42214226,2.402737981,1.160009083,1.242728899,0.108571257,0
2019/7/16,26141249,254,256.5,253.5,256,1.5,247.2,242.5166667,63.7284139,2.972859636,1.522579193,1.450280443,0.804542429,-1
2019/7/17,34346648,254,254,251,252,-4,248.15,243.15,57.9439515,3.066569085,1.831377172,1.235191913,0.686258243,-1
2019/7/18,20908575,252,254.5,251.5,254,2,249.15,243.7833333,59.90365069,3.264585672,2.118018872,1.1465668,0.030110641,-1
2019/7/19,59879798,259.5,261,259,259,5,250.75,244.6833333,64.37318832,3.781384016,2.450691901,1.330692115,0.444706444,-0.333333333
2019/7/26,20768071,261,262.5,261,261,-4,259.45,248.4333333,61.98767694,5.662750472,4.468517064,1.194233408,0.022289549,-1
2019/8/5,52835721,251,252,245.5,246.5,-5,259,251.3666667,40.58028498,2.298719366,4.010679537,-1.711960171,0.004233275,-1
2019/8/12,24732603,254.5,254.5,251,251,-2.5,253.6,252.9833333,47.85768593,0.558776894,2.161378856,-1.602601962,0.256827447,0
2019/8/13,25045107,249,249.5,246.5,246.5,-4.5,252.15,252.9166667,42.49845144,-0.01729401,1.725644283,-1.742938293,0.001367711,-1
2019/8/23,14772877,253.5,254.5,253,254,0,251.4,254.8,53.13071159,0.345252032,0.28233788,0.062914151,0.596699883,-1
2019/8/26,31740620,249,250.5,248.5,248.5,-5.5,251.15,254.7333333,44.44121537,-0.010794727,0.223711359,-0.234506086,0.029065117,-1
2019/8/28,15280882,250.5,253,250.5,252,2,251.75,254.45,50.26113621,-0.133194585,0.089341536,-0.222536121,0.7046116,-1
2019/8/29,20085767,253,254,251,254,2,252.35,254.5166667,53.36247319,0.056678231,0.082808875,-0.026130645,0.03189969,-1
2019/8/30,35299201,256.5,259,256,259,5,253.25,254.6833333,60.06622803,0.603653477,0.186977795,0.416675681,0.383024796,-0.6
2019/9/3,26086495,256.5,258,253,254,-3.5,253.75,254.3,51.64170899,0.852748018,0.435120669,0.417627349,0.227225944,-1
2019/9/5,49041728,263,263,260.5,263,5.5,254.95,254.0166667,62.53881451,1.685865091,0.788574838,0.897290253,0.448045744,-1
2019/9/9,17317833,265.5,266,263.5,265,1.5,257.55,254.1,64.61481591,2.66303768,1.386192957,1.276844723,0.176816992,-1
2019/9/10,30019866,263.5,264,260.5,261.5,-3.5,258.7,254.1166667,58.40415342,2.731458168,1.655245999,1.076212169,0.209388063,-1
2019/9/18,51360759,267,269.5,266.5,267,2,263.35,255.75,64.29217267,3.466489453,2.693686582,0.772802871,0.486779281,-1
2019/9/19,27165567,268,268,264,265,-2,264.1,256.3,60.20238819,3.430562085,2.841061683,0.589500402,0.016313632,-1
2019/9/24,24304943,263.5,265.5,262,265,1,264.25,257.65,59.75439427,3.055476785,2.986964162,0.068512622,0.061050344,-1
2019/9/25,23244163,262.5,266,262,266,1,264.7,258.3,61.2961303,3.041301095,2.997831549,0.043469546,0.239926041,-1
2019/9/26,34128103,269,269.5,266.5,268,2,265.2,258.9166667,64.24617592,3.155080242,3.029281287,0.125798955,0.499194757,-1
2019/9/27,44242817,271.5,272.5,271,272,4,266.15,259.7166667,69.28809406,3.527356438,3.128896317,0.39846012,0.180220322,0
2019/10/1,75248890,273,280.5,273,280,8,267.6,260.7166667,76.44305085,4.417004666,3.386517987,1.030486678,0.819053369,-0.6
2019/10/2,30572953,280,281,279,279.5,-0.5,269.05,261.6333333,75.2628776,5.023800233,3.713974436,1.309825796,0.071826665,-1
2019/10/3,35874864,274,277.5,274,276.5,-3,270,262.3666667,68.43591153,5.202642341,4.011708017,1.190934324,0.074392441,-1
2019/10/7,17750230,279,279.5,277.5,278,1.5,272.55,263.9,70.01321826,5.406246684,4.494097897,0.912148787,0.051254516,-1
2019/10/8,39868551,283.5,286.5,282.5,286.5,8.5,274.8,264.9833333,77.02082455,6.118891151,4.819056547,1.299834603,0.511882186,-1
2019/10/9,34895456,283.5,286,282,282,-4.5,276.5,266.1,67.96545211,6.24852552,5.104950342,1.143575178,0.480281698,-1
2019/10/14,53403517,291.5,291.5,288.5,290,8,278.9,267.4333333,73.85131525,6.91705928,5.46737213,1.44968715,0.279550912,-1
2019/10/15,54754830,293.5,296,292,293.5,3.5,281.45,268.8166667,75.93459449,7.641214684,5.90214064,1.739074043,0.29865304,-1
2019/10/17,41920938,295,295.5,292,293.5,-3,285.25,271.3833333,72.25282014,8.589998982,6.83309937,1.756899611,0.259552574,-1
2019/10/21,35860365,291,291,288.5,290,-3,287.95,273.7666667,66.16478498,8.326839897,7.419637242,0.907202655,0.967787514,-1
2019/10/22,26525020,292.5,294,291.5,294,4,289.7,274.9833333,69.37363069,8.312118031,7.5981334,0.713984631,0.03622731,-1
2019/10/28,20216561,295,295.5,294,294.5,1,293.45,279.0166667,69.05543076,7.458076429,7.669708656,-0.211632227,0.578815319,-1
2019/10/29,37130131,297,298.5,296.5,298.5,4,293.95,280.2,72.56977902,7.541035611,7.643974047,-0.102938436,0.20417814,-1
2019/10/30,32370342,298.5,299.5,296.5,299.5,1,294.25,281.4333333,73.38360996,7.599866473,7.635152532,-0.035286059,0.66348375,-1
2019/10/31,43123514,300,301.5,298.5,298.5,-1,294.75,282.5333333,71.11149965,7.479578784,7.604037783,-0.124458999,0.056942693,-1
2019/11/4,45155671,302.5,308,301,307,8,297.05,285,77.84524839,7.785146679,7.598011112,0.187135567,0.523025286,-1
2019/11/5,32253184,307.5,310.5,307,310.5,3.5,298.7,286.5166667,79.92864092,8.324402758,7.743289441,0.581113317,0.013012767,-1
2019/11/6,22149743,309,311.5,308,311,0.5,300.5,288.0833333,80.21488041,8.691917889,7.93301513,0.758902758,0.499032454,0
2019/11/8,26230542,308.5,309,305.5,305.5,-3.5,303.3,290.9333333,68.13989036,8.365658513,8.145662944,0.219995569,0.079075093,-1
2019/11/11,35285583,305,305,300,301,-4.5,303.95,292.1,59.97308509,7.632744065,8.043079168,-0.410335103,0.402278108,-1
2019/11/12,19016708,302.5,305,302,305,4,304.6,293.3333333,64.0927771,7.290628825,7.8925891,-0.601960275,0.01099181,-1
2019/11/14,15734835,304.5,305,302,303.5,-0.5,305.55,295.1833333,61.47216654,6.404078072,7.429630022,-1.02555195,0.313230054,-1
2019/11/15,29038445,305.5,307.5,304.5,307,3.5,306.35,296.1,65.22384591,6.253304294,7.194364877,-0.941060582,0.066808802,-1
2019/11/18,18741325,308.5,311,307,311,4,306.75,297.25,68.94562469,6.383002282,7.032092358,-0.649090075,0.327370603,1
2019/11/19,33096197,312.5,315,311,315,4,307.2,298.5333333,72.15487015,6.730965068,6.9718669,-0.240901832,0.36653737,-1
2019/11/20,24538973,314,314,312,313.5,-1.5,307.45,299.7166667,69.26415928,6.807221209,6.938937762,-0.131716552,0.046591318,-1
2019/11/21,30163833,309.5,311,307,311,-2.5,307.65,300.5333333,64.61768204,6.589960679,6.869142345,-0.279181666,0.700519389,-1
2019/11/22,26492984,310,310.5,308,309,-2,308,301.4333333,61.08715289,6.185098889,6.732333654,-0.547234765,0.01865197,-1
2019/11/25,19855177,310.5,310.5,307,307,-2,308.6,302,57.69252144,5.637869864,6.513440896,-0.875571032,0.185111545,-1
2019/11/26,101916622,310,310.5,307,307,0,308.8,302.45,57.69252144,5.144879945,6.239728706,-1.09484876,0.920069569,-1
2019/11/27,18527648,307.5,311.5,307.5,311,4,309.5,302.9333333,62.52316521,5.019091491,5.995601263,-0.976509772,0.690718192,-1
2019/12/5,39349842,309,312,309,312,6,308.1,305.95,60.89170614,3.169365887,4.163794051,-0.994428164,0.353641712,-1
2019/12/6,18402703,315,316,311,313,1,308.5,306.6,62.02153384,3.319985189,3.995032279,-0.67504709,0.353751278,-0.333333333
2019/12/9,23556081,314,316.5,314,316,3,309.4,307.3166667,65.26368346,3.639473415,3.923920506,-0.284447091,0.741418787,-1
2019/12/10,20847594,315,315.5,312.5,313.5,-2.5,310.05,307.8166667,60.61947962,3.648879024,3.86891221,-0.220033186,0.065346675,1
2019/12/11,34329148,314,319,313,319,5.5,310.85,308.4666667,66.30099441,4.053411862,3.90581214,0.147599722,0.379502995,-1
2019/12/12,52801851,325,334.5,324,331.5,12.5,313.05,309.5666667,75.09521708,5.321311813,4.188912075,1.132399739,0.145768492,-1
2019/12/13,60843939,340,343,338,339,7.5,316.45,310.9,78.68877551,6.85232959,4.721595578,2.130734012,0.121685235,-1
2019/12/16,48340188,336.5,338.5,336,336,-3,319.3,311.8666667,74.0839742,7.734439476,5.324164357,2.410275119,0.212456725,-1
2019/12/17,41428458,335,345,335,345,9,323.1,313.0166667,78.20464559,9.055358168,6.070403119,2.984955048,0.568952606,-1
2019/12/18,42486841,341.5,345,341.5,344.5,-0.5,326.95,314.1333333,77.46770505,9.94718497,6.84575949,3.101425481,0.109832389,-1
2019/12/19,55667012,340,342,335,335,-9.5,329.25,315,64.94534449,9.774716682,7.431550928,2.343165754,0.172719784,1
2019/12/23,26911340,329.5,334,329.5,334,5,332.65,316.8833333,61.89917734,8.777160671,7.959555399,0.817605272,0.534761871,-1
2019/12/24,13783907,334,334.5,332,332,-2,334.5,317.7833333,59.79630727,8.304168367,8.028477993,0.275690374,0.367644313,-1
2019/12/30,21591263,338,339,334,334.5,-3.5,335.8,321.55,59.97771215,7.171787894,7.702259074,-0.53047118,0.266964456,-1
2019/12/31,22950517,331,333.5,331,331,-3.5,334.4,322.0833333,55.97516191,6.528409301,7.46748912,-0.939079819,0.465274884,0
2020/1/3,42023268,344,345,335.5,339.5,0.5,334.3,323.8833333,62.54240447,6.599703549,7.153232397,-0.553528848,0.354026309,-1
2020/1/7,51746181,332.5,333,326.5,329.5,-2.5,334.15,325.4,51.83732004,5.147652895,6.557244237,-1.409591342,0.476046055,-1
2020/1/8,37913748,325,333,325,329.5,0,333.9,326.15,51.83732004,4.471902814,6.140175952,-1.668273139,0.002390094,-1
2020/1/10,27880115,340.5,341,336,339.5,2,335,328.0333333,60.29374105,4.682877585,5.59103753,-0.908159945,0.71923709,-1
2020/1/13,30663332,342,342,339,341.5,2,335.35,329.25,61.82491574,4.909079261,5.454645876,-0.545566615,0.6755683,-1
2020/1/14,30368993,345.5,346,344.5,346,4.5,336.5,330.5333333,65.08717149,5.389333232,5.441583347,-0.052250115,0.752766299,-1
2020/1/15,54575274,345,345,337.5,340,-6,337.4,331.6333333,57.97354178,5.225551207,5.398376919,-0.172825712,0.09081601,0
2020/1/16,58217420,330,336.5,330,334.5,-5.5,336.95,332.5833333,52.32775958,4.598935077,5.238488551,-0.639553474,0.168243215,-1
2020/1/17,53908097,334,335.5,332,333,-1.5,336.3,333.2833333,50.87266238,3.935928877,4.977976616,-1.042047739,0.859679778,1
2020/1/20,35551203,334,335.5,333,333,0,336.4,333.95,50.87266238,3.371625684,4.65670643,-1.285080745,0.208478712,0
2020/1/31,62912055,323,323.5,319,320,3.5,334.15,334.1833333,41.07605062,0.428366878,3.317940754,-2.889573876,0.450406769,0
2020/2/5,36601453,329,329.5,324.5,327.5,2.5,329.05,333.45,48.94528145,-1.040605624,1.20508094,-2.245686564,0.368448514,0
2020/2/7,30055327,330,330.5,326,328,-4.5,326.5,332.7666667,49.20026278,-0.596859935,0.556789298,-1.153649233,0.930044649,-1
2020/2/10,30814424,321.5,328,321,327.5,-0.5,325.8,332.2,48.80110413,-0.631937476,0.319043943,-0.950981419,0.023605203,-1
2020/2/12,37612639,333.5,336,333,335,3.5,325.85,332.2833333,54.92101328,0.183977065,0.187682738,-0.003705673,0.550545651,-1
2020/2/14,18326683,337,337,334.5,335,0,329.2,332.4166667,54.92101328,0.896107028,0.393261769,0.50284526,0.091329837,-1
2020/2/18,64662604,324.5,326.5,322,322,-9.5,330.55,332,42.76854631,0.044323863,0.396368924,-0.352045061,0.601986306,-1
2020/2/20,27061736,328,329,325,325.5,-1,329.75,331.3166667,46.34799654,-0.517711889,0.113727866,-0.631439755,0.021227849,-1
2020/2/21,22974534,325.5,326.5,323,325,-0.5,329.45,331.1166667,45.89752302,-0.779043333,-0.064826374,-0.714216959,0.03059595,-1
2020/2/24,42946680,319.5,321.5,319.5,320,-5,328.7,330.4833333,41.54862125,-1.373772602,-0.326615619,-1.047156983,0.190311341,-1
2020/2/26,60768362,317,320.5,316.5,318.5,-3.5,326.1,329.45,40.8236946,-2.152562698,-0.905871159,-1.246691539,0.009795747,-1
2020/3/3,55169411,318.5,320,316,317.5,6.5,320.4,327.7166667,42.80652318,-3.586206352,-2.090209793,-1.495996559,0.357674548,-1
2020/3/4,44745146,322,322,317,320.5,3,320.25,327.0833333,46.03420296,-3.36227581,-2.344622996,-1.017652814,0.353404226,-1
2020/3/5,38223525,325,326,323,323,2.5,319.9,326.4666667,48.63561686,-2.949084921,-2.465515381,-0.48356954,0.104532219,-1
2020/3/6,52807760,320,320.5,315,315,-8,318.85,325.4333333,41.70716514,-3.229928698,-2.618398044,-0.611530653,0.962851373,-1
2020/3/9,88633277,307.5,310,305.5,305.5,-9.5,316.9,324.2833333,35.27988501,-4.17098945,-2.928916325,-1.242073124,0.037196884,-1
2020/3/10,74869130,301.5,309,301,307,1.5,315.6,323.3666667,36.93251047,-4.741096996,-3.29135246,-1.449744537,0.023504986,-1
2020/3/11,64923710,309,310.5,302,302,-5,313.6,322.3333333,33.83139137,-5.532593257,-3.739600619,-1.792992638,0.121795804,-1
2020/3/12,114173351,299,299,287,294,-8,311.15,321.0333333,29.55527696,-6.727838552,-4.337248206,-2.390590346,0.021967732,1
2020/3/13,151268148,275,294,272.5,290,-4,308.55,320.15,27.67195737,-7.90670209,-5.051138982,-2.855563108,0.168217989,-0.333333333
2020/3/16,103933228,285,291,275.5,276.5,-13.5,305.1,318.7,22.46821271,-9.817131334,-6.004337453,-3.812793881,0.066901995,-1
2020/3/17,122409651,265,276.5,265,268,-8.5,300.15,317.1333333,19.92727586,-11.88009292,-7.179488546,-4.700604374,0.375062054,-1
2020/3/18,118620643,269.5,272.5,260,260,-8,294.1,314.9666667,17.8780017,-13.99916433,-8.543423703,-5.455740626,0.170288605,-1
2020/3/19,160811697,252,253,235.5,248,-12,286.6,312.3166667,15.33115428,-16.45713578,-10.12616612,-6.330969664,0.35319606,-0.5
2020/3/24,82377933,268,274,266,267.5,12.5,273.1,305.8,37.05123019,-17.02100625,-13.48299754,-3.53800871,0.386551629,-1
2020/3/25,80514199,276.5,280,274,277,9.5,270.6,303.9833333,42.28402553,-15.74370754,-13.93513954,-1.808568,0.394222378,-1
2020/3/26,54189633,279.5,280,275.5,280,3,269.2,302.15,43.87080882,-14.32424322,-14.01296027,-0.311282947,0.191404871,-1
2020/3/27,69320306,284,286,273,273,-7,267.5,300.0833333,41.03585162,-13.60729262,-13.93182674,0.324534121,0.523143413,0
2020/3/30,53403956,263.5,269,262.5,267.5,-5.5,266.6,297.8333333,38.908382,-13.32925677,-13.81131275,0.48205598,0.079401774,-1
2020/3/31,53901923,273,274,269.5,274,6.5,267.2,295.9166667,42.68990214,-12.44100353,-13.5372509,1.096247376,0.327370603,-1
2020/4/10,28206858,280,282,279,279.5,-3.5,277.2,287.1333333,46.34467816,-6.304962585,-9.559001023,3.254038437,0.213685948,-1
2020/4/13,22196596,278.5,281.5,278.5,278.5,-1,277.05,285.8,45.76554267,-5.830390607,-8.813278939,2.982888333,0.423680618,-1
2020/4/15,58561434,287,288.5,286,287.5,2.5,280.25,283.9833333,51.73606436,-3.869031387,-7.194082917,3.32505153,0.598514139,-1
2020/4/16,48257280,283,288.5,283,286.5,-1,281.5,282.95,51.02732815,-3.117646388,-6.378795611,3.261149222,0.123974959,-0.5
2020/4/17,117447201,303.5,308.5,300.5,306.5,20,285,282.4833333,62.18492928,-0.897984109,-5.282633311,4.384649202,0.54114955,-1
2020/4/21,61949357,300.5,301.5,293.5,295,-9,289.05,281.1833333,54.09386506,1.140767095,-3.048432576,4.189199671,0.178961488,-1
2020/4/23,39977278,300,300,294,295.5,1.5,291.2,280.4166667,54.33438285,1.761799801,-1.369671569,3.13147137,0.551602316,-1
2020/4/24,26465090,295.5,297,294,294,-1.5,292.65,280.15,53.22434039,1.881211774,-0.7194949,2.600706674,0.391338056,-1
2020/4/27,38493406,298,298.5,296,298,4,294.6,280.2833333,55.81659385,2.272418171,-0.121112286,2.393530457,0.039826767,-1
2020/4/28,37621165,298.5,298.5,294.5,296.5,-1.5,295.75,280.5,54.59472615,2.433364287,0.389783029,2.043581258,0.472428635,-1
2020/4/29,46253301,299,301.5,298,299,2.5,296.9,281.25,56.31130349,2.731161223,0.858058668,1.873102555,0.476676143,-1
2020/5/4,72252861,294.5,296.5,294,295,-9.5,297.55,283.6333333,51.95763591,3.077996772,1.704292902,1.373703869,0.600636986,-1
2020/5/5,23988405,296.5,298,295,295.5,0.5,296.7,285.2166667,52.3161115,2.852383164,1.933910955,0.91847221,0.141761781,-1
2020/5/8,35613893,300,300,296,297.5,0,297.35,288.5,53.88391514,2.575118996,2.270910463,0.304208532,0.945579195,1
2020/5/12,52494788,297.5,298.5,295,295,-6,297.75,289.8,50.84579141,2.420692152,2.381462135,0.039230017,0.06102985,-1
2020/5/13,46158418,293,297,292.5,297,2,297.8,290.6,52.6330239,2.275347325,2.360239173,-0.084891848,0.756446261,-1
2020/5/14,34480948,293,295,292.5,293,-4,297.2,291.45,48.81051577,1.816454969,2.251482332,-0.435027363,0.255732363,-1
2020/5/15,44304804,297.5,298.5,294.5,298,5,296.55,292.25,53.36937353,1.835083978,2.168202661,-0.333118683,0.653677179,-1
2020/5/18,96872065,291,293.5,290,290,-8,296.05,292.8666667,46.26915774,1.19059008,1.972680145,-0.782090065,0.338281202,-1
2020/5/19,53083214,294,294,291.5,291.5,1.5,295.65,293.4,47.6748047,0.791734859,1.736491088,-0.944756229,0.378674692,-1
2020/5/20,36789994,293,294,291,294,2.5,295.45,293.7666667,50.0215648,0.669649033,1.523122677,-0.853473644,0.014101527,-1
2020/5/21,36299468,296,298,295,297.5,3.5,295.45,294.1833333,53.18702459,0.845568696,1.387611881,-0.542043185,0.159325132,-1
2020/5/25,32942223,290.5,293,288.5,292,0,294,294.9,48.03807038,0.28560656,1.030795306,-0.745188746,0.942608936,-1
2020/5/26,35817481,295,297.5,293.5,295.5,3.5,294.05,295.4666667,51.50306339,0.366148636,0.897865972,-0.531717336,0.422566788,-1
2020/5/27,23375959,297,298,295.5,296.5,1,294,295.85,52.47811453,0.504850848,0.819262948,-0.314412099,0.326740143,-1
2020/5/29,96611181,292,292.5,290,292,-2,293.5,296.25,47.67422074,0.168523496,0.623366936,-0.45484344,0.692277542,-1
2020/6/1,37936214,294,296.5,293.5,295.5,3.5,294.05,295.8833333,51.54319085,0.25791706,0.55027696,-0.292359901,0.364106094,-1
2020/6/2,26663587,296,297.5,296,296.5,1,294.55,295.6333333,52.62109788,0.404787606,0.52117909,-0.116391483,0.475741206,0
2020/6/4,47225322,305,306,304,306,5,296.1,296.2333333,61.69216798,1.630904064,0.799610393,0.831293671,0.045731236,-1
2020/6/5,44077262,308.5,312,308,311.5,5.5,298.05,296.7666667,65.90467506,2.643909502,1.168470215,1.475439287,0.443958215,-1
2020/6/8,52042921,316,319,315,318,6.5,300.65,297.5666667,70.09063962,3.925963227,1.719968817,2.20599441,0.532460155,-1
2020/6/9,37068082,316.5,319,314,319,1,303,298.2666667,70.68689709,4.965453032,2.36906566,2.596387372,0.213493853,-0.5
2020/6/10,42207259,319,324,318,322.5,3.5,305.6,299.1333333,72.73558418,6.002484041,3.095749336,2.906734705,0.319298679,-1
2020/6/11,50612255,325.5,327,318.5,320.5,-2,308.25,299.85,69.73628836,6.587024187,3.794004306,2.793019881,0.288830923,-1
2020/6/15,51032404,316,317.5,308.5,309.5,-6.5,312.05,300.7166667,55.5515565,6.035850852,4.693086058,1.342764793,0.242893576,-0.333333333
2020/6/17,34692968,316.5,317,313.5,315,0,315.3,302,60.05792909,5.824201182,5.121252252,0.70294893,0.793521512,-1
2020/6/18,35443474,314.5,315,313,314.5,-0.5,316.15,302.5666667,59.42274453,5.615283894,5.220058581,0.395225313,0.145536316,-1
2020/6/22,37374616,314.5,316.5,312,312,-2.5,315.85,303.5,55.98897263,4.948406296,5.192536418,-0.244130122,0.203745395,-1
2020/6/24,55464024,319,320,316,317.5,2.5,314.95,304.85,61.45112143,4.805817659,5.050342783,-0.244525123,0.609262413,-1
2020/6/29,56672892,314,315,310,312,-5.5,314.1,305.4833333,53.94831724,4.326871243,4.905648475,-0.578777231,0.263282051,-1
2020/6/30,49241860,313.5,314,311,313,1,313.8,305.9833333,55.02354632,3.982091331,4.720937046,-0.738845715,0.25659616,-1
2020/7/1,29685342,315,318,314,317.5,4.5,314.6,306.9,59.59531663,4.025559019,4.581861441,-0.556302421,0.214827974,-1
2020/7/2,37789178,319,322,318,322,4.5,315.3,307.9166667,63.58190257,4.372713943,4.540031941,-0.167317998,0.026848099,-1
2020/7/6,57256220,332.5,338,332,338,8.5,319.1,310.45,73.86083229,6.454841906,5.027494507,1.427347399,0.344742557,-1
2020/7/7,59046323,343.5,346,338,338.5,0.5,321.5,312,74.11522221,7.409665306,5.503928666,1.905736639,0.047298874,-1
2020/7/8,33813218,337.5,342.5,337.5,341,2.5,324.4,313.6333333,75.40413897,8.272735886,6.05769011,2.215045776,0.747835665,-1
2020/7/9,37410376,346,347,343,345,4,327.4,315.2833333,77.34769677,9.173742913,6.680900671,2.492842242,0.00363911,0
2020/7/10,60902108,352.5,353,345.5,348.5,3.5,330.5,317.0166667,78.91751702,10.0543183,7.355584196,2.698734102,0.14341617,-1
2020/7/13,49459523,351,354.5,350.5,354.5,6,334.75,319.0333333,81.30885692,11.10828114,8.106123586,3.002157556,0.5887061,-1
2020/7/14,63030150,355,364,354.5,363.5,9,339.8,321.4166667,84.20328226,12.52539413,8.989977694,3.535416432,0.129888933,-1
2020/7/15,75105362,366,370,361,363,-0.5,344.35,323.6666667,83.43031244,13.45304226,9.882590606,3.570451651,0.145800714,-1
2020/7/16,68582512,359,361,353.5,357.5,-5.5,347.9,325.7,75.24749379,13.58777464,10.62362741,2.964147228,0.432524709,-1
2020/7/17,66403485,361,369,360,367,9.5,351.65,327.9,79.06662002,14.29632253,11.35816644,2.93815609,0.001640008,-1
2020/7/20,44940238,370,370,362.5,366,-1,354.45,329.9,77.70746604,14.6087595,12.00828505,2.600474451,0.433053131,-1
2020/7/21,64440128,372.5,387,371.5,383,17,358.9,332.2833333,83.04374972,16.04319007,12.81526605,3.227924017,0.210945354,-1
2020/7/22,43959670,381,386,379,384,1,363.2,334.4833333,83.29703434,17.06397539,13.66500792,3.398967467,0.177166141,-1
2020/7/23,45397282,382,383,379,381.5,-2.5,366.85,336.5666667,80.07663656,17.46984451,14.42597524,3.043869269,0.057931865,-1
2020/7/24,90988734,390,395,382,386,4.5,370.6,338.6833333,81.46567404,17.94772094,15.13032438,2.817396565,0.279752542,-1
2020/7/27,103315640,420.5,424.5,416.5,424.5,38.5,377.6,342.15,88.71487948,21.1888182,16.34202314,4.846795056,0.384225489,-1
2020/7/28,172157746,464,466.5,428.5,435,10.5,384.75,346.1166667,89.87768411,24.32427823,17.93847416,6.385804073,0.403040301,-0.8
2020/7/29,88641166,428,431.5,419.5,422,-13,390.65,349.8666667,79.02133835,25.46659845,19.44409902,6.022499434,0.468774708,-1
2020/7/30,69936949,436.5,441,428.5,434,12,398.3,353.8333333,81.27031452,27.02862599,20.96100441,6.067621579,0.489774426,-0.333333333
2020/8/3,77288571,420.5,424,415,416,-9.5,409.15,360.9,68.86120192,26.38404842,23.05446939,3.329579024,0.442222589,-1
2020/8/4,41697445,421.5,425.5,418.5,425.5,9.5,413.4,364.6,71.42743106,26.149944,23.67356431,2.476379685,0.379130033,-1
2020/8/5,47460834,430.5,433.5,426,429,3.5,417.9,368.5,72.33211862,25.94772608,24.12839667,1.819329409,0.152688426,-1
2020/8/6,43443627,437.5,438,431,435,6,423.25,372.5,73.86011022,25.97222513,24.49716236,1.475062768,0.244801049,-1
2020/8/7,37611388,433.5,434,428,433,-2,427.95,376.35,72.42431375,25.53589561,24.70490901,0.830986598,0.670502233,-1
2020/8/10,36067500,427.5,437.5,427.5,435.5,2.5,429.05,380.4666667,73.12752419,25.10246484,24.78442017,0.318044662,0.113117679,-1
2020/8/11,34545313,432,435,429,429,-6.5,428.45,384.3333333,68.25397916,23.95829583,24.61919531,-0.660899475,0.003414763,-1
2020/8/12,53980474,422,423.5,419,419,-10,428.15,387.7166667,61.46698675,21.99111731,24.09357971,-2.102462395,0.266893494,-1
2020/8/13,45669335,428,429,424.5,429,10,427.65,391.2833333,65.19421124,20.99699035,23.47426184,-2.477271482,0.521542371,-1
2020/8/14,24259947,424,428,423,427,-2,427.8,394.5333333,63.86369164,19.81928986,22.74326744,-2.923977583,0.354103137,-1
2020/8/17,34607731,427,435,425.5,435,8,429.7,397.7666667,66.7838488,19.30890582,22.05639512,-2.747489294,0.552757386,-1
2020/8/18,45504160,440,440.5,432,433,-2,430.45,400.9166667,65.36181077,18.52944362,21.35100482,-2.821561197,0.423815,-1
2020/8/19,31486800,436,436.5,427.5,427.5,-5.5,430.3,403.8,61.4845657,17.26884567,20.53457299,-3.265727317,0.642035764,-1
2020/8/20,75155235,427,427.5,401,415,-12.5,428.3,406.1333333,53.68948803,15.08725075,19.44510854,-4.357857793,0.96798549,-1
2020/8/21,41956467,421.5,427,420,424.5,9.5,427.45,408.6666667,58.0431571,13.96392423,18.34887168,-4.384947448,0.069045375,-1
2020/8/24,49199406,427.5,434.5,425,428,3.5,426.7,411.1166667,59.55185928,13.20389435,17.31987621,-4.115981865,0.497890904,-1
2020/8/25,37024899,433.5,436,430.5,434.5,6.5,427.25,413.4833333,62.26559889,12.97647613,16.4511962,-3.474720068,0.626062565,-1
2020/8/26,41406340,435.5,442,435,442,7.5,429.55,416.1166667,65.1693771,13.24870999,15.81069895,-2.561988966,0.956380351,-1
2020/8/28,57039210,440,440.5,431,435,-9,431.85,421.2666667,59.67015601,12.77291533,14.82872005,-2.055804719,0.001026102,1
2020/8/31,88569538,437,439.5,426.5,426.5,-8.5,431,423.2833333,54.42050025,11.4027044,14.14351692,-2.740812521,0.321762467,-1
2020/9/2,42013407,441,441,430.5,433,-2,431.75,426.65,57.1127186,10.18214689,12.82864735,-2.646500458,0.078341476,-1
2020/9/4,51349911,427,432.5,427,429,-7,434.3,429.9,54.00312244,8.761038795,11.5242694,-2.763230603,0.236380403,-1
2020/9/7,39854584,428,432.5,425,426,-3,434.1,429.95,52.13465096,7.638596223,10.74713476,-3.10853854,0.656864477,-1
2020/9/8,23714670,428,433,427.5,431,5,433.75,429.8166667,54.93335068,7.071000519,10.01190791,-2.940907395,0.786607491,-1
2020/9/9,40727362,425,428,423,427,-4,432.25,429.9833333,52.29882939,6.226633509,9.254853033,-3.028219524,0.118769131,-1
2020/9/10,35281921,432.5,435,430.5,435,8,431.35,430.0166667,56.76481783,6.132310256,8.630344477,-2.498034222,0.297748032,-1
2020/9/11,34893469,435.5,436.5,432.5,436.5,1.5,431.5,430.3833333,57.56700951,6.108184513,8.125912485,-2.017727972,0.253613155,-1
2020/9/14,39325833,436,442,435.5,441,4.5,432.95,431.2166667,59.96676755,6.378647996,7.776459587,-1.397811591,0.822841752,-1
2020/9/15,39661449,440.5,447,439.5,445,4,433.95,431.8666667,62.02275039,6.83694676,7.588557022,-0.751610262,0.441161803,-1
2020/9/16,70608238,460,462,455.5,458,13,436.45,432.8333333,67.80904715,8.155135857,7.701872789,0.453263068,0.092640744,-1
2020/9/17,44420506,453,455,446.5,448.5,0.5,437.7,433.2833333,60.54885574,8.337134313,7.828925093,0.508209219,0.190859446,-1
2020/9/18,52999922,447,449.5,443,444,-4.5,439.2,433.65,57.41308088,8.025741259,7.868288327,0.157452933,0.670948314,-1
2020/9/21,40193920,443.5,450,440,440,-4,440.6,433.8,54.70121583,7.371222585,7.768875178,-0.397652593,0.163683543,-1
2020/9/22,36842639,440,441,436,437,-3,441.2,434.0666667,52.69101373,6.535104278,7.522120998,-0.98701672,0.320468081,-1
2020/9/23,47426963,436,438.5,432,433.5,-3.5,441.85,434.55,50.36555908,5.52634943,7.122966684,-1.596617255,0.239953217,0
2020/9/24,82510381,425.5,429,423,423,-10.5,440.65,434.35,44.08031752,3.835429256,6.465459199,-2.630029942,0.043312327,-1
2020/9/28,34427479,427,431.5,424.5,431.5,7.5,438.45,434.1333333,49.90072985,2.106276195,4.966620764,-2.860344569,0.461901514,-1
2020/9/30,28859204,430.5,435,430.5,433,2,434.55,434.25,50.96635087,1.517127316,3.753635136,-2.23650782,0.54231828,-1
2020/10/5,33238832,438,438,431.5,432.5,-0.5,432.95,434.8333333,50.58951163,1.318769675,3.266662043,-1.947892368,0.348691705,0
2020/10/6,36276395,441.5,442,437.5,439.5,7,432.5,435.3333333,55.54519962,1.706737112,2.954677057,-1.247939945,0.989283609,-1
2020/10/7,44691239,435,445,435,443,3.5,432.8,435.8333333,57.82299762,2.270452487,2.817832143,-0.547379656,0.269259512,-1
2020/10/8,60853811,450,454,448.5,453,10,434.4,436.45,63.56692578,3.483956527,2.95105702,0.532899507,0.059753646,-1
2020/10/12,67645223,458,462,457.5,460,7,437.05,437.05,66.95902727,4.953408906,3.351527397,1.601881509,0.381135134,-1
2020/10/13,46303738,465,465,456.5,462,2,440.95,437.65,67.87921371,6.207784315,3.92277878,2.285005534,0.016320861,-1
2020/10/14,52677241,460.5,461,457,459,-3,444.45,438.45,64.95691674,6.880496851,4.514322395,2.366174456,0.380899608,-1
2020/10/15,49987278,456,456.5,450,453,-6,446.6,439.3333333,59.44482688,6.850508133,4.981559542,1.868948591,0.628886706,-0.666666667
2020/10/16,48274801,451,456,448.5,449,-4,448.4,439.8,56.03121345,6.429855911,5.271218816,1.158637095,0.219382178,-0.5
2020/10/19,34846906,453,457.5,451,457.5,8.5,450.85,440.6166667,61.1382217,6.705073049,5.557989663,1.147083386,0.004158628,-1
2020/10/21,29906921,453.5,456,451,453,2,454.05,441.9166667,57.0433672,6.116049803,5.792446449,0.323603354,0.140634806,-1
2020/10/23,18777385,458,458,451.5,452,-3,455.15,443.5833333,55.66326561,5.675077704,5.808834894,-0.13375719,0.629511726,-1
2020/10/26,15800622,455,455,450,450,-2,454.15,444.35,53.90913113,5.163710577,5.67981003,-0.516099453,0.077981993,-1
2020/10/27,31795010,447.5,448.5,445.5,447,-3,452.65,444.75,51.29776029,4.464904873,5.436828999,-0.971924126,0.575342296,-1
2020/10/28,26221663,445,447,443,444,-3,451.15,445,48.75441763,3.627209181,5.074905035,-1.447695855,0.340154989,-0.5
2020/10/30,49770771,437,437,432,432,-5,447.85,444.4333333,39.94886082,0.961184178,3.819560797,-2.858376619,0.766400244,-1
2020/11/2,34539576,433,435.5,428,435.5,3.5,445.65,443.6833333,43.30501849,0.124755098,3.080599657,-2.955844559,0.277037699,-1
2020/11/4,37929652,444.5,451.5,443,450,9,444.35,443.6333333,55.04868892,0.454973675,2.047659779,-1.592686104,0.380374124,-1
2020/11/6,32644190,455,455.5,450,452.5,1.5,444,444.5166667,56.83387497,1.462754061,1.756505016,-0.293750954,0.621449057,-1
2020/11/9,43415670,458,460,454,458.5,6,444.85,445.35,60.95908583,2.319337595,1.869071532,0.450266063,0.045318496,-1
2020/11/10,36786882,452,454.5,448.5,451,-7.5,445.25,446.2833333,54.01078981,2.365728253,1.968402876,0.397325377,0.330611822,-1
2020/11/11,40355804,448.5,457,448.5,457,6,446.55,447.3833333,58.12312756,2.853746824,2.145471666,0.708275158,0.611950303,-1
2020/11/12,57993774,463,463.5,457.5,458,1,448.65,448.2666667,58.78462102,3.283348304,2.373046993,0.910301311,0.323419705,-1
2020/11/13,31483881,459,462,456.5,462,4,451.65,449.3,61.41044586,3.901601904,2.678757975,1.222843929,0.711291587,-1
2020/11/16,83380911,470,484.5,469,484,22,456.5,451,71.98292118,6.096511684,3.362308717,2.734202967,0.106434273,-1
2020/11/17,75763870,502,506,485.5,485.5,1.5,460.95,452.7666667,72.53542223,7.866352546,4.263117483,3.603235063,0.491621966,-1
2020/11/18,56607501,490,497,486.5,497,11.5,465.65,454.6833333,76.38101087,10.08071388,5.426636762,4.654077115,0.315361073,-1
2020/11/19,47345316,499,499,490,490,-7,469.55,456.25,69.95971319,11.14232787,6.569774982,4.572552883,0.49508177,-1
2020/11/23,43708352,494.5,498.5,492,496.5,8.5,476.9,458.6333333,71.48636838,12.65959747,8.606584197,4.053013275,0.411099165,-1
2020/11/24,38630079,499.5,500,491.5,492,-4.5,481,459.6333333,67.50426897,12.91792635,9.468852629,3.449073726,0.285219057,0
2020/11/25,47179640,495,495.5,487,487,-5,484,460.5666667,63.28595979,12.57424754,10.08993161,2.484315932,0.409281142,-1
2020/11/26,31844322,489,493.5,488,489,2,487.1,461.7666667,64.24834296,12.32123141,10.53619157,1.785039838,0.004075735,-1
2020/11/27,35196829,487.5,492,486.5,489,0,489.8,463.1,64.24834296,11.9825865,10.82547056,1.157115944,0.041707554,-1
2020/11/30,149311778,493,493.5,480.5,480.5,-8.5,489.45,463.8666667,56.89704764,10.90265005,10.84090646,0.061743591,0.00060467,-1
2020/12/1,38341265,489.5,490,483.5,490,9.5,489.9,465.1666667,62.11456159,10.69013402,10.81075197,-0.120617948,0.969286086,-1
2020/12/2,60208035,499.5,500,493.5,499,9,490.1,466.7,66.27903575,11.11975669,10.87255291,0.247203776,0.211391749,-1
2020/12/3,36919644,499.5,499.5,495,497,-2,490.8,468.1,64.58016944,11.17009061,10.93206045,0.23803016,0.87337524,0
2020/12/4,54471042,498.5,505,497.5,503,6,492.3,469.8,67.28900543,11.56086402,11.05782117,0.503042855,0.134139443,-1
2020/12/7,45493551,512,515,506,514,11,494.05,471.9333333,71.58024429,12.61277066,11.36881107,1.243959597,0.778860882,-1
2020/12/8,41830257,514,525,509,524,10,497.25,474.5,74.81487727,14.09089956,11.91322876,2.177670798,0.009170666,-1
2020/12/9,46831705,521,524,520,520,-4,500.55,477.0333333,71.31824477,14.76930939,12.48444489,2.2848645,0.360214339,-1
2020/12/10,43991133,511,515,510,512,-8,502.85,479.5333333,64.79562059,14.4943392,12.88642375,1.607915451,0.252653084,-0.6
2020/12/11,51296611,517,517,505,516,4,505.55,482.3333333,66.44794574,14.43281739,13.19570248,1.237114907,0.331057751,-1
2020/12/14,30809747,512,513,508,508,-8,508.3,484.75,60.34735695,13.58196334,13.27295465,0.309008691,0.05595385,-1
2020/12/15,43059899,507,510,504,504,-4,509.7,486.85,57.50455173,12.44147128,13.10665798,-0.665186701,0.457421064,-0.333333333
2020/12/16,53661282,509,515,507,512,8,511,488.9166667,61.41905279,12.04431685,12.89418975,-0.849872901,0.219503989,-0.5
2020/12/17,39285785,515,515,508,508,-4,512.1,490.8166667,58.5165834,11.27681048,12.5707139,-1.293903414,0.844633407,1
2020/12/18,40625502,508,512,507,510,2,512.8,492.7333333,59.54597578,10.70652133,12.19787538,-1.491354053,0.219960682,-1
2020/12/21,35153138,512,517,508,516,6,513,494.65,62.54846844,10.61633443,11.88156719,-1.265232763,0.434781392,-1
2020/12/22,25632245,512,516,509,509,-7,511.5,496.5833333,57.21329371,9.866286751,11.47851111,-1.612224354,0.045802327,-1
2020/12/23,18320849,508,511,506,509,0,510.4,498.3166667,57.21329371,9.166206242,11.01605013,-1.849843891,0.419833141,-1
2020/12/28,19520886,512,515,509,515,4,510.4,502.7166667,60.92217423,7.986219912,9.637496,-1.651276088,0.429576637,0
2020/12/29,20226736,515,517,513,515,0,511.5,503.7,60.92217423,7.785854779,9.267167756,-1.481312977,0.298954989,0
2020/12/30,46705107,516,525,514,525,10,512.8,504.6333333,66.70275945,8.337866657,9.081307536,-0.743440879,0.21330587,-1
2020/12/31,31173332,526,530,524,530,5,515,505.9666667,69.1592811,9.074196572,9.079885343,-0.005688772,0.410422582,-1
