標題,日期,sentiments
[新聞] 台積獲急單 新年好兆頭,2018/1/02,0.8560033463569399
[新聞] 台積電上季、去年營收齊寫新猷,2018/1/10,0.06460675993520071
Fw: [新聞] 【台積電有多強？】路透全球科技前百強,2018/1/18,0.9882931715053803
[新聞] 台積電第4季 EPS 3.83元 去年EPS 13.23元,2018/1/18,0.6264003204412124
[新聞] 台積電3平台驅動 今年營收看增15%,2018/1/18,0.9714866637895452
[新聞] 台積電：今年配發現金股利將超過7元,2018/1/18,0.6045618190857311
[新聞] 台積法說報喜 外資紛紛上修台積目標價,2018/1/19,0.08344130944072192
[新聞] 讓11000從天花板變地板 台積電、鴻海雙箭,2018/1/19,0.030648639230173358
[新聞] 別管比特幣了 台積電的現金股利卡實在,2018/1/19,0.6421196304604192
[新聞] 台積電領軍　20檔市值同創高,2018/1/20,0.5379857037428696
[新聞] 兩個北京小夥子 為台積帶來大生意,2018/1/20,0.3471717736163694
[新聞] 兩個北京年輕人的「比特大陸夢」　替台積電帶來10萬片訂,2018/1/22,0.03380435774057178
[新聞] 台積電害的？他說：「台灣50」恐成高風險,2018/1/23,0.010049375359073243
[新聞] 外資大買台積電張忠謀讚:有眼光,2018/1/24,0.7398603414615743
[新聞] 買台積電躺著賺？投資達人驚爆「龍頭股危,2018/2/01,0.05060660098183223
[新聞] 創意今年成長超越台積，比特幣保守,2018/2/02,0.6562108792577845
[新聞] iPhone晶片傳轉單 衝擊台積,2018/2/06,0.6611991735316969
[新聞] Q1淡季 台積電1月營收跌回797億元 近半年,2018/2/09,0.006586047498824743
[新聞] 台積電本周市值大縮水...能不能低接 法人,2018/2/09,0.029067216566832643
[新聞] 台積電股息可望再創新高！周二將公布至少,2018/2/11,0.030199426040144917
[新聞] 台積配股息 上看8.5元,2018/2/12,0.09494455682644665
[新聞] MSCI調整台股權重2降1升 台積電權重遭降,2018/2/13,0.0006338612437677416
[新聞] 已羨慕！台積員工每人平均分紅107萬元,2018/2/13,0.3152169219272998
Fw: [新聞] 這公司靠比特幣1年吸金逾千億　將成台積7,2018/2/25,0.06435215556528773
[新聞] 高通與三星合作5G晶片　外資這樣看台積電,2018/2/25,0.0030989850585476653
[新聞] 台積強攻3奈米-千億蓋研發中心,2018/2/26,0.9962074874295374
[新聞] 缺水被韓國笑！台積電自備300輛水車、馬,2018/3/02,0.12119749076631692
[新聞] 舊聞 台積聯電喊沒差：半導體早就零關稅,2018/3/03,0.0530550082982012
[新聞] 台大校園徵才 台積電、鴻海等242家廠商釋出逾2萬職缺,2018/3/04,0.24921225771712396
[新聞] 三星攜手智原 法人：台積電技術領先,2018/3/05,0.5237644617669298
[新聞] 怕台積電「整碗捧去」！晶圓代工老二去,2018/3/08,0.029605195039037357
[新聞] 傳英特爾擬併購博通 分析：台積電有麻煩了！,2018/3/11,0.8061292756182666
[新聞] 台積電接單面臨挑戰？傳英特爾擬併購博通,2018/3/11,0.17284246659318647
[新聞] 台積南京廠 投產進度超前,2018/3/26,0.8410975368438404
[新聞] 台積電背後的神祕大客戶 比特大陸卡位AI,2018/3/28,0.33008745015153507
[新聞] 為什麼台灣人不買台積電 卻買T50反一？,2018/3/30,0.21467102571242813
[新聞] 七奈米強化版 台積電急起直追,2018/4/02,0.9307866612383486
[新聞] 蘋果棄英特爾台積大補,2018/4/04,0.36399374755918157
[新聞] 台積電激勵反攻、大立光隨後點火　台股,2018/4/09,0.04161549250311747
[新聞] 7 奈米大戰！台積電拿華為海思大單，三星,2018/4/09,0.07609907087185597
"[新聞] 台積電3月營收1,036.97億元、年增20.8%",2018/4/10,0.12407163757615103
[新聞] 台積電3月營收寫驚奇 衝破千億創歷史新高,2018/4/10,0.020988901990605324
[新聞] 多頭護台積 大盤守月線,2018/4/13,0.18294146532602718
[新聞] 台積法說 牽動台股走勢...本周你該注意,2018/4/15,0.05995954408865045
[新聞] 台積法說大戲 市場傳不安情緒,2018/4/16,0.3456005379925997
[新聞] 台積電遭逆風？外資連10賣、市場傳不安,2018/4/16,0.251947498133714
[新聞] 台積電ADR上周五大跌 原因可能出在蘋果…,2018/4/16,0.31905148904600855
[新聞] 台積電遭逆風？外資連10賣、市場傳不安,2018/4/16,0.251947498133714
[新聞] 台積電19日登場 大摩推演三情境,2018/4/17,0.8742414291677233
[新聞] 美打壓陸電信業 衝擊鴻海台積電,2018/4/19,0.9192759457516708
[新聞] 台積電(2330)Q1毛利率50.3,2018/4/19,0.4256312825291987
[新聞] 台積電Q2展望低於預期 營收獲利意外衰退,2018/4/19,0.8315624048733848
[新聞] 台積電上修資本支出115-120億美元 創歷史,2018/4/19,0.2529302302227767
[新聞] 台積本季展望不如預期 拖累美國科技股,2018/4/19,0.9482465842345105
[新聞]展望令人失望 台積電ADR重挫6%,2018/4/20,0.10021295897594207
"[新聞] 台積電創單日最大跌點 市值蒸發4,200億元",2018/4/20,0.15479013486773618
[新聞] 半導體股繞地球跌全被台積慘電,2018/4/20,0.10747554957649441
[新聞] 消息人士：台積電下修營收目標 全是因為,2018/4/20,0.0015598936613562264
[新聞] 【台積年報】今年產能將增加9%、5奈米明,2018/4/20,0.16778647382345735
[新聞] 台股暴殺近200點 老謝：台積電問題不大,2018/4/20,0.005246801708535642
[新聞] 台積電ADR20日下跌0.58美元跌幅1.47%折台,2018/4/21,0.21583949226014276
[新聞] 台積電遇逆風 外資：第2季可逢低布局,2018/4/21,0.2604636381091465
[新聞] 茂迪大股東台積電再賣股　預計出脫9700張,2018/4/21,0.10029828202033397
[新聞] 依台積電下修財測推測：iPhone X今年恐,2018/4/21,0.048956287774824636
[新聞] 台積電年報透露 蘋果佔營收比22％、去年,2018/4/21,0.4474776075371457
[新聞] 台積電敲響警鐘　他說iX已死今年恐停產,2018/4/22,0.08416211807842988
[新聞] 7奈米發威 外資看好台積獨拿蘋果A12單,2018/4/23,0.9788325776128891
[新聞] 台積電芯片遭竊密 中共央企挖腳後突發大,2018/4/23,0.5675291933304666
[新聞] 挺台積電 散戶逢低進擊,2018/4/23,0.6950506111375783
[新聞] 全球晶圓代工市場排名 台積電續稱霸 市占,2018/4/25,0.01334952900187869
Fw: [新聞] 台積電擬砸4千億 擴竹科研發基地,2018/4/28,0.8980851965045371
[新聞] 環團點名台積電新廠　耗電等於兩座深澳,2018/4/29,0.6598554039462444
[新聞] 蔡英文：拚台積設備國產化,2018/4/30,0.7297824930523966
[新聞] 台積電奪超微首發7奈米代工訂單,2018/4/30,0.9532688987895482
[新聞] 陸媒喊：台積電是中國的,2018/5/01,0.6276584121731791
[新聞] 股價保衛戰 台積捍衛220、鴻海守80,2018/5/04,0.025918560322697792
[新聞] 股價近半年新低 台積電回神今止跌,2018/5/04,0.05962194147394473
[新聞] 台積電恐造成台南缺水缺電？ 網酸：你們,2018/5/08,0.038497988922779225
[新聞] 【Y晚報】蘋概股重獲青睞 台積電連漲3天,2018/5/09,0.34119536543628826
[新聞] 力晶 拚當台積電第二,2018/5/16,0.5080881097641579
[新聞] 中芯砸1.2億美元購買 EUV 拚追台積電,2018/5/18,0.24453555511039526
[新聞] 台積電員工出手速度快 新竹房價連三季上,2018/5/19,0.9679085467510036
[新聞] 台積電７奈米 六月放量出貨,2018/5/21,0.03949337607323333
[新聞] 台股萬點滿周年 台積成最大贏家,2018/5/22,0.26196422967691324
[新聞] 傳台積電開始量產新iPhone的A12晶片,2018/5/23,0.35009384570376834
[新聞] 台積電上半年市占率第一達56%　聯電第三,2018/5/25,0.12144170538428212
[新聞] 大摩看台積電 後挖礦時代有四情境,2018/5/29,0.9815575895224572
[新聞] 後張忠謀時代 分析師：台積電股價有望創,2018/6/03,0.5721171980714996
[新聞] 小米澎湃S2處理器正式量產，台積電16nm工,2018/6/05,0.9873735553669998
[新聞] 張忠謀駁台積電出走 強調：根留台灣,2018/6/05,0.376250539380384
[新聞] 台積電5月營收809.69億元 連二個月下滑,2018/6/08,0.10371534308198516
[新聞] 台積連兩月衰退 下季有雜音,2018/6/11,0.9692162648663687
[新聞] 客戶擬直奔 7 奈米製程節點，台積電積極,2018/6/12,0.040468036446509315
[新聞] 8吋晶圓缺貨明年紓解 台積電聯電評等兩,2018/6/18,0.24152852215501286
[新聞] 不再給台積電賺？外媒曝今年新 iPhone 達,2018/6/18,0.1054790007684091
[新聞] 開盤前 台積電值得留意的兩個利空消息,2018/6/19,0.27051030889932537
[新聞] 張忠謀透露 台積開發2奈米,2018/6/19,0.8161465425451032
[新聞] 10／7奈米明年產能增3倍 台積訂單滿手,2018/6/21,0.8935042172814149
"[新聞] 台積砸7,500億 強攻5奈米",2018/6/22,0.48507729937063226
[新聞] 台積電砸250億美元 強攻5奈米明年初試產,2018/6/24,0.5132801280439757
[新聞] 傳比特大陸將砍50％訂單 券商：台積電Q3,2018/6/24,0.004861459131272339
[新聞] 光罩重新打入台積電供應鏈 Q3挑戰滿載,2018/6/25,0.10024613758157486
[新聞] 台積電除息失利鴻海受累 大跌112點摜破10,2018/6/25,0.16735879273585041
[新聞] 台積電 7 奈米將吃高通驍龍 1000 平台訂,2018/6/25,0.06871152746286702
[新聞] 傳三星砍價20% 欲搶台積電蘋果A13訂單,2018/6/26,0.10818969236021736
[新聞] 台積不怕貿易戰 「有轉單效應」,2018/6/27,0.011622651367551917
[新聞] 外資：台積電爆發力在明年,2018/6/28,0.6141342293555695
[新聞] 台積電6月營收704億元 月減13%,2018/7/10,0.027313867506548406
[新聞] 中鋼台積 營運發光,2018/7/11,0.6871234799934143
[新聞] 台積電外資評等 1買進1加碼1中立,2018/7/11,0.01979250274522837
[新聞] 華為麒麟 710 處理器仍由台積電 12 奈米,2018/7/17,0.21395646879727415
[新聞] 台積電法說前　外資：旺季不旺全年恐下調,2018/7/18,0.039282875567884346
[新聞] 台積下修展望沒差　美系外資喊利空出盡,2018/7/19,0.07713399650271457
[新聞] 台積電第2季EPS 2.79元 近三季新低,2018/7/19,0.932876811896796
[新聞] 慘！外資猜中 台積電年營收與資本支出雙,2018/7/19,0.2560326464877546
[新聞] 台積電Q3營收估增8%　二降全年成長目標,2018/7/19,0.009329615447611683
[新聞] 台積電下修今年營收增幅/資本支出；7奈,2018/7/19,0.18069025717775689
[新聞] 台積電第3季展望優於預期 營運谷底已過,2018/7/19,0.7265706809070027
[新聞] 台積電營運不靠加密貨幣：7奈米下半年發,2018/7/19,0.356729153804645
[新聞] 法人看台積後市 最壞的時間已過,2018/7/20,0.02195674053337593
[新聞] 〈台積電法說〉法說會重點一次看清楚,2018/7/20,0.12409726768076368
[新聞] 台積電法說會後 外資評等7加碼1中立,2018/7/20,0.14042991117553327
[新聞] 外資狂買台積電3.74萬張　創近年單日最大,2018/7/20,0.8687293756991238
[新聞] 台積橫掃5G、AI晶片訂單,2018/7/23,0.40025739759001633
[新聞] 英特爾10奈米延明年上市 落後台積差距拉,2018/7/28,0.9110558295998604
[新聞] 為何英特爾這一小麻煩 卻成了超微和台積,2018/7/30,0.6833749744022659
[新聞] 蘋果財報佳 台積、大立光等業績動能轉強,2018/8/01,0.9638187696825887
[新聞] 台積電7奈米進入大量產 只花3個月,2018/8/02,0.03148049471971459
[新聞] 台積電證實遭病毒攻擊,2018/8/04,0.09699832982835033
[新聞] 台積公司公布電腦病毒感染事件影響,2018/8/05,0.9575319024149682
[新聞] 台積遭病毒攻擊〉Q3營收受影響3%,2018/8/05,0.19097374787233246
[新聞] 新機台安裝軟體失誤　台積電估第3季損失新台幣77~78億,2018/8/05,0.019623040866693087
[新聞] 蒸發78億！ 台積電抓出魔鬼：裝新機台未,2018/8/06,0.6222021403386384
[新聞] 台積電爆發史上第一次機台遭「想哭」病毒,2018/8/06,0.24361510021942245
[新聞] 台積電病毒事件 下午召開重大訊息說明會,2018/8/06,0.07360873433625703
[新聞] 台積電重訊過後 法人最新解讀看這裡,2018/8/06,0.3171141675066582
[新聞] 【台積電染毒】台積電病毒感染聲明　專家,2018/8/07,0.7775903014996708
[新聞] 害台積電中毒？辛耘：哪傳的假消息,2018/8/09,0.018228960296886698
[新聞] 止跌回穩　台積7月營收734.71億月增5.6%,2018/8/10,0.04508087747281542
[新聞] 嘉楠耘智7奈米晶片 由台積電代工生產,2018/8/15,0.2892807856050936
[新聞] 拚全球第一！台積電3奈米廠允諾用綠電,2018/8/15,0.7062073402001123
[新聞] 台灣ADR除台積電外全漲 台積電被費半拖累,2018/8/20,0.00584283148454301
[新聞] 台積電7奈米製程優勢，擺脫三星大吃蘋果,2018/8/21,0.7336246093940592
[新聞] 挖礦急單到 台積電7奈米衝,2018/8/23,0.7334494978721322
"[新聞] 台積電獲輝達、超微兩大單,一路旺到明年",2018/8/23,0.9956109169775669
[新聞] 台積電、傳產股領軍 台股收漲58.93點,2018/8/23,0.014137035735991121
[新聞] 江蘇看齊工研院 要培育自己的台積電,2018/8/25,0.5334108980762058
[新聞] 超微股價大爆發 台積電祥碩受惠,2018/8/27,0.277974851483347
[新聞] 格羅方德退出晶片製程爭奪戰 台積電霸主,2018/8/28,0.03560055671382356
[新聞] 台積稱霸高階製程 兩原因,2018/8/29,0.46360076596263655
[新聞] 台積電稱霸七奈米 外資調高目標價302,2018/8/29,0.016977473119775932
[新聞] 2哥7奈米吃癟 爽到1哥台積電！專家爆：,2018/8/29,0.24928680727196872
[新聞] 台積電副理想跳槽中國 狂印機密文件,2018/8/31,0.216162316649386
[新聞] 年薪400萬還不滿足　台積電副理為跳槽盗,2018/8/31,0.047488712667716704
[新聞] 台積賣茂迪股 損失逾4億,2018/9/02,0.06473172221738521
[新聞] 外資上周買超台股369.21億元 最愛台積電,2018/9/03,0.5092318194486701
[新聞] 台積電喊衝、金融傳產不動 台股萬一踱步,2018/9/05,0.8054431980025233
[新聞] 日經新聞：台積電不排除併購記憶晶片公司,2018/9/06,0.036724263639735466
[新聞] 台積電透露將收購記憶體廠　南亞科遭點名,2018/9/06,0.24284731850748853
[新聞] 台積評估收南亞科 旺宏 華邦電 身價看漲,2018/9/07,0.45738440644445033
[新聞] 蘋果新機加持 台積電8月營收910億元月增,2018/9/10,0.28143796616935546
[新聞] Intel 部份14奈米cpu將外包台積電,2018/9/10,0.06230443277595177
[新聞] 英特爾先進製程不順　14奈米訂單外包台積,2018/9/11,0.032207091333682714
[新聞] 台積電竹南先進封測廠開始環評 最快1年半,2018/9/11,0.009256270877994077
[新聞] 台積電爆萬張鉅額交易 法人這麼解讀,2018/9/11,0.6092349453817659
[新聞]台積電：晶片微縮可望加速進展,2018/9/12,0.5013110223489831
[新聞] 三星拉智原 強碰台積電 要大搶7奈米及8奈,2018/9/13,0.11940739756800256
[新聞] 蘋果華為拼7奈米 台積電最大贏家,2018/9/15,0.06331512241710346
[新聞] 外資挺台積 齊喊３字頭,2018/9/17,0.012034720824767087
[新聞] 台灣ADR追隨台股頹勢 台積電跌1.5%,2018/9/18,0.06053647320109479
[新聞] 美系外資看好台積電3A題材，調高評等至加碼，目標價升至289,2018/9/19,0.028125152960219335
[新聞] 台積電領軍　台股收漲97點站回年線,2018/9/19,0.0358330457369429
[新聞] 台積電竹南新廠鎖定次代先進封裝　SoICs,2018/9/25,0.11987310782504845
[新聞] 五個理由 小摩上修台積電目標價,2018/9/26,0.004130041532982354
[新聞] 英特爾落後台積電7年 分析師:恐永遠無法,2018/9/29,0.8372552967388621
[新聞] 華為10/16新機發表 郭明錤高喊台積電,2018/10/02,0.16859481833985746
[新聞] 台積電創辦人張忠謀 確定出任APEC領袖代,2018/10/03,0.6851855286678203
[新聞] 台積揪亞馬遜 組雲端大聯盟,2018/10/04,0.6519746327331276
[新聞] 台積攻雲端 外資重申買進,2018/10/05,0.18701637386259018
[新聞] 景氣惡化 調降11檔評等與個股目標價 台積,2018/10/08,4.361292828858332e-05
[新聞] 台積電9月營收949億元 歷史次高,2018/10/09,0.05293266563861665
[新聞] 台積電董娘張淑芬與裕隆集團 攜手激盪公,2018/10/10,0.7774177880999422
[新聞] 台積電獨拿蘋果A13晶片大單 明年晶圓代工,2018/10/11,0.652795122495267
[新聞] 竹科寶山擴建 為台積找地,2018/10/11,0.7742630917219974
[新聞] 台積電被曝將獲蘋果A13晶片訂單！未來全,2018/10/14,0.23454758598611236
[新聞] 降評台積 銀河聯昌獨槓外資圈,2018/10/16,0.6352042999136968
[新聞] 國家隊護指數 連買台積12天,2018/10/17,0.5276611523653605
[新聞] 台積再賣茂迪持股 賠6.9億,2018/10/17,0.19349408731181028
[新聞] 新思攜台積電，5奈米EUV製程技術有新進展,2018/10/17,0.8306293030207212
[新聞] 台積Q4營運 外資唱旺,2018/10/18,0.41430269398657527
[新聞] 台積電上季獲利彈升23.2%　每股賺3.44元,2018/10/18,0.5447945726909141
[新聞] 三降全年成長目標 台積ADR下跌逾2%,2018/10/19,0.002621603566604791
[新聞] 前3季 台積電賺近1個股本,2018/10/19,0.38345388857004437
[新聞] 台積電與微軟攜手顛覆半導體設計流程,2018/10/24,0.01638521259530812
[新聞] 台積電市值蒸發逾9000億　IEK憂美中貿易,2018/10/24,0.6998662441111166
[新聞] 槓上台積電！三星宣布採EUV量產7奈米製程,2018/10/25,0.13397182736252988
[新聞] 台積電CoWoS封裝強力助攻　擴大晶圓代工,2018/10/26,0.11702514079131554
[新聞] Q3本國人專利數 台積電仍第一,2018/10/31,0.964336986911313
[新聞] 貿易戰氣氛下 台積電南京12吋廠宣布量產!,2018/11/03,0.04761556645032128
[新聞] 國際重量級客戶簇擁 台積電7奈米大旗滿天,2018/11/08,0.3021874444487581
[新聞] 超微採用台積電7奈米代工，讓英特爾面臨,2018/11/09,0.28743259673742205
[新聞] 2018年純晶圓代工市場達590億美金、台積,2018/11/14,0.2826598466797564
[新聞] 台積電8月電腦病毒感染損失25.96億 帳列T,2018/11/15,0.9639242922757059
[新聞] 重磅消息！大摩開第一槍 下修台積電目標h,2018/11/16,0.0147238046069047
[新聞] 台積電、聯發科評等 大摩調降,2018/11/17,0.5529558002753251
[新聞] 看不到台積車尾燈？三星新晶片棄7奈米,2018/11/18,0.17617462207505497
[新聞] 傳台積電有望吃 IBM 訂單，轉攻伺服器晶,2018/11/19,0.1766781826363586
[新聞] 台積電、世界先進　傲挺半導體業逆風中,2018/11/20,0.71599343274942
[新聞] 高雄市兩候選人世紀大辯論 台積電掃到颱,2018/11/20,0.33894867117307803
[新聞] 陳其邁錯引台積電負債 陳宜民：假消息影,2018/11/20,0.9278238608415703
[新聞] 台積電18廠工地工人受傷 南科：立即停工,2018/11/21,0.24740655603512784
[新聞] 台積電明年首季營收恐降 外資估季減14%至,2018/11/22,0.12170307650352286
[新聞] 2利空襲 台積電後市埋變數,2018/11/26,0.19210892606779617
[新聞] 蘋果 A13 處理器由台積電 7 奈米＋打造,2018/11/26,0.6018768283039568
[新聞] 蘋果砍單兩樣情　台積電客戶爭7奈米產能,2018/11/27,0.0037554630709951686
[新聞] 台積電2019上半能見度不佳　急call訂單回,2018/11/30,0.04664347284865422
[新聞] 手機銷售將步入淡季　台積明年首季營運,2018/12/02,0.9919044849609774
[新聞] 台積罕見動作 推價格優惠,2018/12/03,0.10317969931309356
[新聞] 台股盤中漲逾200點 台積電市值重登6兆元,2018/12/03,0.05086334162521633
[新聞] 因應明年淡季，傳台積電將推優惠價,2018/12/03,0.4294973491645908
[新聞] 大廠抽單 台積電產能度小月,2018/12/05,0.4665368898886475
[新聞] 高通7奈米S855晶片放量　台積電首季逆風,2018/12/06,0.7111499727094004
[新聞] 台積電2019年資本預算1035億台幣、營收,2018/12/06,0.06851017296869089
[新聞] 台積電傳厲行撙節，比 2009 年還嚴苛,2018/12/06,0.19640404902703767
[新聞] 華為核心供應商名單 台積電、富士康在列,2018/12/07,0.37171254373996343
[新聞] 台積電、日月光都遭殃！日媒：封鎖華為恐,2018/12/10,0.004742036087825752
[新聞]台積電11月營收史上第3高，Q4可望登峰達標,2018/12/10,0.3527724089317197
[新聞] 台積電獨步全球，3 奈米製程已到位！魏哲,2018/12/10,0.8226930674212986
[新聞] 台積電先擴8吋廠　台系MCU、驅動IC、類比,2018/12/12,0.0828474839409582
[新聞] 三星發豪語，2020 年量產 3 奈米超車台積,2018/12/13,0.10101913231930282
[新聞] 台積電揪柑心！　逾百位工程師下鄉採柑作,2018/12/15,0.43791086248492284
[新聞] 環團呼籲台積電　應比照蘋果使用百分百再,2018/12/18,0.8926240924807891
[新聞] 台積電3奈米新廠通過環差案,2018/12/19,0.07661005633778517
[新聞] 7奈米以下燒錢大戰　台積電暫領先三星,2018/12/20,0.01564103960576879
[新聞] 賽靈思推軍規晶片，採用台積電16奈米製程,2018/12/20,0.21507505823287942
[新聞] 鴻海進軍半導體 郭台銘會成為台積電、三,2018/12/23,0.004730855013276636
[新聞] 蘋果光不再！大摩警告：台積財測可能令人,2019/1/07,0.6270295674593338
[新聞] 十年來首度衰退！大摩砍台積電目標價至「,2019/1/07,0.035680625432547686
[新聞] 科技大廠人才需求孔急 台積電、台達電忙搶人,2019/1/07,0.9293620306870531
[新聞] 三星「殞落」重擊費半  Nvidia、台積電AD,2019/1/09,0.020230908686815874
[新聞] 首度突破兆元！台積電去年營收1兆314億7,2019/1/10,0.9854019856257173
[新聞] 外資：台積將演利空出盡行情,2019/1/12,0.7773242857090519
[新聞] 看衰今年半導體需求，美系外資下修台積電,2019/1/15,0.3841701194876267
[新聞] 台積電失寵！他警告情況變更糟　建議轉,2019/1/15,0.03325885089923719
[新聞] 《半導體》台積電法說明登場，能否利空出,2019/1/16,0.13102108525768397
[新聞] 台積電法說剉？天王分析師給5大考題 不,2019/1/17,0.4544870620891239
[新聞] 台積電去年EPS=13.54元 創新高,2019/1/17,0.6880180130748709
[新聞] 台積電預估首季營收73-74億美元 季減逾2,2019/1/17,0.03159172101696728
[新聞] 台積電今年投資百億美元不變 配發股利會,2019/1/17,0.258537328386797
[新聞] 《半導體》台積電股利續增，今年營收成,2019/1/18,0.05405170311399532
[新聞] 台積電拋重新議價震撼彈 矽晶圓族群股價,2019/1/18,0.16282648832866198
[新聞] 台積電釋利空股價hold住　法人：貿易戰,2019/1/18,0.0124811535720869
[新聞] 華爾街日報：台積電英特爾爭鋒 各有隱憂,2019/1/19,0.12091211869921581
[新聞] 〈中國驚嚇3〉電池廠慘兮兮　台積電台達,2019/1/19,0.8479614099447857
[新聞] 最懂台積電分析師 喊目標價196元,2019/1/22,0.17628278622142102
[新聞] 賽靈思展望佳 台系供應鏈台積電、先豐有,2019/1/25,0.36094844937902804
[新聞] 台積南科14B廠原料出問題 上萬晶圓報廢,2019/1/28,0.03970842146780784
[新聞] 台積電議價大砍10%　數千家供應鏈咬牙苦,2019/1/29,0.19712228885187766
[新聞] 台積電再出包！他砲轟：這已經不像我們過,2019/1/29,0.007968700680400898
[新聞] 台積出包，萬點曇花一現,2019/1/29,0.8223775569523206
[新聞] 確認萬片晶圓報廢 台積電：不影響本季財,2019/1/29,0.6959722080266887
[新聞] 台積公司針對媒體報導晶圓14B廠晶圓受汙,2019/1/29,0.5519256626846258
[新聞] 不到半年連續出包 台積電市值狂掉1600億,2019/1/30,0.4895545031130857
[新聞] 傳華為要求產線移往中國 台積電：已有設,2019/1/30,0.29462365554771
[新聞] 8吋晶圓代工需求強勁　台積電、世界先進,2019/2/01,0.12737334524331578
[新聞] 賣女友？GF8寸晶圓廠作價2.4億賣給台積電,2019/2/02,0.13871528663689203
[新聞] 7奈米EUV製程戰火燃　台積電3月領先量產,2019/2/12,0.02761989685593713
[新聞] 內鬥？螺絲鬆？沒有張忠謀的台積電 連環,2019/2/15,0.2717780717398416
[新聞] 台積電元宵節發大紅包　將創現金股息總額,2019/2/17,0.17660058357872221
[新聞] 台積電 吃下10萬片報廢晶圓,2019/2/18,0.22504711299175795
[新聞] 三星、台積電8吋產能搶單 二線廠另闢生路,2019/2/19,0.11703050518323566
[新聞] 台積電配10元現金創歷史新高　今年首度,2019/2/19,0.8591623770835985
[新聞] 8+2元 台積今年兩次配息,2019/2/20,0.29716566103067954
[新聞] 遠勝台積！三星股價今年飆21%　外資大買,2019/2/21,0.009928078370760152
[新聞] 台積電晶圓瑕疵估損61億元,2019/2/23,0.22520540096496333
[新聞] MWC／高通5G超級晶片 帶旺台積,2019/2/26,0.8425552515786824
[新聞]台積電2月營收608.89億年減5.8%,2019/3/08,0.04093486963471882
[新聞] 存股達人報酬率暴漲88倍 身價全靠台積電!,2019/3/09,0.24879219115459628
[新聞] iPhone砍單、晶圓報廢衝擊　台積電上半年,2019/3/11,0.08230237006657315
[新聞] 台積電光阻液出包 傳牽動14B廠、品管部,2019/3/18,0.6769990421592993
[新聞] 蘋概三王各擁題材 台積電股價飆近5個月高點,2019/3/18,0.2764423128228918
[新聞] 光阻劑事件…台積高層異動,2019/3/19,0.2515814810174962
[新聞] Apple Car有影？傳台積電鎖定意法、蘋果,2019/3/22,0.6155634787224902
[新聞] 半導體專利戰再起！ITC啟動337調查台積電,2019/3/27,0.005152443185126199
[新聞] 第一季重磅布局 12大法人認養股 台積電居,2019/3/30,0.8906508073813532
[新聞] 狠甩三星 　台積電推出5奈米開放創新平台,2019/4/04,0.015599525117793278
[新聞] 晶圓代工3月業績將止跌回升　台積下周法,2019/4/07,0.3158922948460391
[新聞] 台積、日月光 接單旺,2019/4/08,0.25992432240451835
[新聞] 貿易戰反帶動庫存　外資：台積電Q2 7奈,2019/4/09,0.2733884823740007
[新聞] 台積電7奈米+、5奈米進程領先　大聯盟營,2019/4/10,0.14053685786557135
[新聞] 台積電首季營收年衰退 11.8%，符合調降財,2019/4/10,0.060791798666080976
[新聞] 台積Q1優預期 外資估Q2營收季增可望逾5%,2019/4/11,0.31137108330692564
[新聞] 台積電宣佈推出6奈米製程,2019/4/16,0.4061161259281222
[新聞] 罕見回擊三星　台積電推6奈米製程明年首,2019/4/17,0.07507022582301925
[新聞] 高通、蘋果復合 5G晶片大單台積電廝殺三,2019/4/18,0.38608121531024464
[新聞] 台積7奈米 至少領先對手一年,2019/4/18,0.40703291547529596
[新聞] 台積電：第1季是谷底　毛利率一季會比一,2019/4/18,0.9786406784703457
[新聞] 台積電明年起季季配息，全年股利不低於今年，至少10元起跳,2019/4/18,0.7910547520438923
[新聞] 法說會報喜 花旗喊台積電目標價305元 美,2019/4/19,0.10724605897355322
[新聞] 台積目標價 六外資喊上3字頭,2019/4/20,0.023761545144489138
[新聞] 郭台銘選總統 外資：鴻海將效法台積、台,2019/4/22,0.32266739812838274
[新聞] 報廢10萬片晶圓虧169億！台積電撤高層後,2019/4/24,0.3507617093807016
[新聞] 台積電急找綠電卻因台電卡位買不到　經,2019/4/30,0.009148750417383611
[新聞] 台積電貴爆還能買?他狠開1槍 驚揭3大盲點,2019/5/04,0.0015651855690105299
[新聞] 高盛5G報告 喊買台積電，目標價310元,2019/5/09,0.14815325084974418
[新聞] 新 iPhone 即將上市 台積電傳最早 5 月量,2019/5/11,0.18372963285833488
[新聞] 台積電營收月減6.3%、年減8.8%,2019/5/11,0.41821766466036303
[新聞] 台積電 4 月營收創 2019 年次低紀錄，後,2019/5/13,0.031792851511341036
[新聞] 傳台積電開始量產蘋果A13晶片 惟中美貿易,2019/5/13,0.7528078820954225
[新聞] 〈MSCI調整〉台股三大權重全數調降 台積,2019/5/14,0.0018382907345537713
[新聞] MSCI個股權重調整 台積電升幅最多,2019/5/15,0.005514766271445648
[新聞] 阿里巴巴平頭哥AI晶片下單創意、台積電,2019/5/16,0.6575514975810566
[新聞] 美祭華為禁令 台積電：謹慎分析評估相關,2019/5/17,0.8803568964723142
[新聞] 美國祭禁令 台積電：初估後繼續出貨華為,2019/5/17,0.6792955692259192
[新聞] 中美貿易戰》川普打壓沒在怕，台積電：繼,2019/5/19,0.9649994186363573
[新聞] 川普想搞死華為！台積電究竟挺誰？,2019/5/20,0.056083871710404076
[新聞] 台積電總裁魏哲家 週四將跟台灣客戶信心,2019/5/20,0.5805275293795231
[新聞] 美封殺華為火力全開　台積電全年跌幅恐超,2019/5/21,0.03702435349037936
[新聞] 台積電等16檔 自營撿便宜,2019/5/21,0.6291926211484553
[新聞] 華為生存關鍵 中國媒體點名台積電,2019/5/21,0.2044335368138005
[新聞] 為什麼台積電可繼續出貨給華為？揭開中,2019/5/23,0.007256062537522756
[新聞] 台積電：對華為出貨不變 第2季財測目標不,2019/5/23,0.007955351227506013
[新聞] 台積電:下半年強勁成長 全年成長目標不變,2019/5/23,0.004888779083782935
[新聞] 台積電南科傳氮氣外洩 2工人無呼吸心跳,2019/5/23,0.05896532138758814
[新聞] 安謀分手華為 衝擊台積接單,2019/5/23,0.08113223581330342
[新聞] 魏哲家承諾：台積電將在台灣繼續投資,2019/5/24,0.6595159729741996
[新聞] 華為影響3Q訂單能見度　台積電產能預購祭,2019/5/24,0.03060301093079154
[新聞] 台積電不甩華為禁令 這神秘數字驚揭真相,2019/5/24,0.021031527948546125
[新聞] 華為衝擊下三不變 台積電自信的三大原因,2019/5/24,0.09345196352101981
[新聞] 挺華為能撐多久？驚爆台積電3大危險,2019/5/26,0.05250825107658663
[新聞] 台積迎超微大單 下半年營運動能強,2019/5/27,0.9597333700924816
[新聞] 外資示警台積電恐降下半年財測  聯詠、匯,2019/5/27,0.031357418039627105
[新聞] 一場華為風暴，讓台積電市值縮水兆元！,2019/5/27,0.042277553509627475
[新聞] 台北電腦展暖身！AMD總裁宣布攜手台積電7,2019/5/27,0.8575998982461445
Fw: [新聞] 台積迎超微大單 下半年營運動能強,2019/5/27,0.955472748893457
[新聞] 超微7奈米大軍3Q全面放量　台積電下半年,2019/5/28,0.47642973654527454
[新聞] 台積雙憂 外資看淡聲四起,2019/5/28,0.3714693243414826
[新聞] 25% 技術門檻，華為保住台積電繼續供貨，,2019/5/29,0.2370133774402391
[新聞] 台積電單月跌勢創10年最差 投資人2字感嘆,2019/5/30,0.01780143419370872
[新聞] 美抵制華為 專家:台積電等大廠快撤出中國,2019/5/30,0.9542511135101286
[新聞] 陸半導體新貴：台積電若不幫華為　就沒,2019/5/30,0.0002092120286730781
[新聞] 台積電都跌到230元了 法人坦言：買點仍1,2019/5/30,0.32656830544509874
[新聞] 野村談持股策略 三星優於台積電,2019/5/31,0.3649498076764939
[新聞] 挺華為恐變不挺！老美戳中台積電3大要害,2019/6/02,0.041575477232207114
[新聞] 台積出貨華為 美無可奈何,2019/6/03,0.47973263187306037
[新聞] 華為禁令讓台積電躺著也中槍　業界憂：,2019/6/03,0.058516072838094235
[新聞] 美國是否會施壓台積電？郭明錤列11點Q＆A,2019/6/03,0.7488361615959807
[新聞] 貿易戰亂炸股市 外資點名這企業勝台積電,2019/6/03,0.2281525151131284
[新聞] 沒有張忠謀的股東會 台積電股東聚焦5問題,2019/6/03,0.004215767316601227
[新聞] 台積電處分中芯9437張持股 處分收益約1.2,2019/6/04,0.6576804390790677
[新聞] 台積明股東會 先駁假新聞,2019/6/04,0.3099430091480859
[新聞] 台積電股東會發10元股利！劉德音：朝3方向發展,2019/6/05,0.0026213488730263412
[新聞] 〈台積電股東會〉劉德音：中長期是很好的,2019/6/05,0.09495421679224192
[新聞] 劉德音證實 台積電來自華為訂單減少,2019/6/05,0.0023731193785722082
[新聞] 台積電下半能否彈升　端看蘋果、超微有多,2019/6/06,0.07053324884842693
[新聞] 5外資看台積電 4家喊買1家重申「中立,2019/6/06,0.10509500633109348
Fw: [新聞] 台積電前進美國？ 劉德音：考慮收購半導,2019/6/06,0.245881246939347
[新聞] 台積電考慮赴美投資 經濟部長說話了,2019/6/06,0.0906664221179464
[新聞] VLSI技術及電路研討會　台積電發布新興記,2019/6/07,0.9788632704995289
[新聞] 台積電5月營收804.37億元 創今年新高,2019/6/10,0.060385106269382205
[新聞] 韓媒：三星搶台積7奈米單,2019/6/12,0.3845708197643216
[新聞] 若台積電考慮在美收購，誰是首要目標？,2019/6/12,0.6117945239462036
[新聞] 台積環評過關 2奈米留台灣,2019/6/12,0.0298160152681215
[新聞] 【環評過關】台積電兩奈米技術落腳竹科,2019/6/13,0.7509702494721733
[新聞] 華為訂單減少 大摩下修台積電目標價至219,2019/6/14,0.004611691482669822
[新聞] 台積電與三星爭奪晶圓代工的主導權,2019/6/17,0.04835028459402979
[新聞] 台積電繳稅逾350億元蟬聯冠軍 鴻海第二名,2019/6/17,0.09856617843881388
[新聞] 因華為禁令風險 傳英特爾捨台積電找三星代工,2019/6/18,0.0049688931539838554
[新聞] 為何選擇三星電子代工？台積電代工跌破50,2019/6/18,0.001199961240311631
[新聞] 為什麼英特爾量產 10 奈米不久後，台積電就能量產全球首個 5,2019/6/24,0.0708101545010269
[新聞] 台積電秀自研 4 核心晶片，7 奈米製程最高時脈達 4GHz,2019/6/24,0.9935977399649896
[新聞] 台積電除息遭外資自營商反手賣超 填息率,2019/6/24,0.33785950553060784
[新聞] 台積電不畏中美貿易戰 今年研發上看千億,2019/6/24,0.9993490444644371
[新聞] 蔣尚義赴武漢弘芯任CEO　希望與台積電是,2019/6/26,0.47709269256809383
[新聞] 台灣專利王！台積電全球專利數逾3.4萬件,2019/6/29,0.39322119264768185
[新聞] 華為解禁 台供應鏈嗨 川普讓步意外利多 台積大立光看漲,2019/6/30,0.8554387516052772
[新聞] 台積電財務長兼發言人何麗梅轉歐亞區業務,2019/7/02,0.978556313273966
[新聞] 7奈米肥單真的沒了 台積電激戰三星敗走,2019/7/03,0.024536224563296516
[新聞] 台積電、聯發科等逾50家大廠力拱　AI晶片,2019/7/03,0.7157885905247489
[新聞] 三星奧步搶台積電單　業界憂5奈米也砍價,2019/7/03,0.019153634013686527
[新聞] 大摩力挺台積電，認為 NVIDIA 7 奈米繪,2019/7/04,0.21534701221145847
[新聞] NVIDIA從台積電轉單三星　三方各有盤算,2019/7/04,0.5726714308343003
[新聞] 大小摩：輝達7奈米訂單 台積電穩拿,2019/7/04,0.638889982146737
[新聞] 尾盤買單敲進台積電 台股終場翻紅,2019/7/05,0.009537282789208734
[新聞] 輝達：下一代GPU仍由台積電生產,2019/7/07,0.9792534824517458
[新聞] 台積電仍是 NVIDIA 7 奈米合作對象，打臉,2019/7/08,0.16504432814872017
[新聞] 台積電Q1配息2元，9月19日除息,2019/7/09,0.026543616508816315
[新聞] 日對韓管制半導體關鍵原料 意外揭露台積,2019/7/10,0.028793254882187314
[新聞] 台積電營收公布前外資連六賣 法人估Q2營,2019/7/10,0.03998733684062683
[新聞] 台積電6月營收858.68億今年新高 月增6.8%、年增21.9%,2019/7/10,0.23328871263794915
[新聞] 台積電成大贏家？日韓貿易戰 傳三星7奈,2019/7/10,0.03199945450745145
[新聞] 挖礦潮復活？傳比特大陸向台積電下 7 奈,2019/7/11,0.3590651317080513
[新聞] 台積電計畫自己興建太陽能電廠,2019/7/12,0.5389744064776609
[新聞] 超狂！台積電自種綠電 估規模達核電廠等,2019/7/12,0.8382648872593743
[新聞] 台積7奈米夯 下半年滿載,2019/7/15,0.09844843444445206
[新聞] 台積電撿到槍！日韓幹架 三星災難在後頭,2019/7/15,0.11869407961204004
[新聞] 超微新品熱賣 台積7奈米吃定心丸、法說前,2019/7/16,0.8045424286557613
"[新聞] 台積電法說會前夕 外資轉賣超8,125張",2019/7/17,0.6862582431002877
[新聞] 個股：台積電(2330)稱Q4會比Q3更好，在,2019/7/18,0.03011064076794101
[新聞] 台積電Q2獲利667.7億元季增8.7% EPS 2.57,2019/7/19,0.7449123964791564
[新聞] 台積電預估2019年全球半導體業衰退3%、,2019/7/19,0.09748864529135659
[新聞] 台積電法說後 外資喊上325元,2019/7/19,0.49171829215882945
"[新聞] 挑戰百萬年薪！台積電擴大徵才 招募逾3,000名員工",2019/7/26,0.022289548802768344
[新聞] 日韓貿易戰牽動7奈米競爭 台積狠甩三星,2019/8/05,0.004233274752634908
[新聞] 陸廠94億訂單需現金支付！台積7奈米大爆單,2019/8/09,0.03142516992450661
[新聞] 晶圓代工第3季展望 台積電獨旺,2019/8/10,0.7342380412355135
[新聞] 接棒蔣尚義 台積電前處長楊光磊任中芯,2019/8/12,0.4981767399062478
[新聞] 台積電7月營收847.58億元 月減1.3% 8月可,2019/8/12,0.015478153810390305
[新聞] 台積電Q2股息2.5元，12月19日除息,2019/8/13,0.0013677106215742585
[新聞] 外資：台積得利,2019/8/23,0.5966998828171738
[新聞] 格芯提告台積電侵權 要求美國禁止進口其,2019/8/26,0.02906511690974589
[新聞] GF跨國提告台積電專利訴訟，要求禁止進口,2019/8/28,0.7046116004439399
[新聞] 被老二狠開1槍…台積電嗆爆竟撿到大砲,2019/8/29,0.03189969000994097
[新聞] 格芯控告台積電侵權 恐牽動挖礦產業,2019/8/30,0.16349458264078343
[新聞] 投資台積電、電信三雄 新光人壽今年現金,2019/8/30,0.7751165294587753
[新聞] 蘋果9/10新機發表 台積電獨吃A13大單,2019/8/30,0.6535062772744715
[新聞] 外資喊買台積電 目標價拚310元,2019/8/30,0.018435384523208476
[新聞] 台積電去年貢獻GDP達4.46％新高 附加價,2019/8/30,0.30457120504699897
[新聞] 華為Mate 30傳不採用安卓 外資：台積、聯,2019/9/03,0.3681739995803295
[新聞] 台積電叛將沒力？ 貿易戰害慘…陸晶圓代,2019/9/03,0.08627788666463698
[新聞] 以小博大！格芯為何要告台積電？,2019/9/05,0.7590335665027135
[新聞] 受惠5G發展加速 外資喊進台積電,2019/9/05,0.13705792104593495
[新聞] 7奈米訂單大爆發 台積8月營收衝千億,2019/9/09,0.17681699196810174
[新聞] 台積電8月營收衝上1061億元 創歷史新高,2019/9/10,0.13131074422624955
[新聞] 強勁！ 台積電8月營收1061.18億元創新高,2019/9/10,0.28746538150188305
[新聞] 預估台積電第 3 季市占仍提升，南韓媒體,2019/9/14,0.1339578363778442
[新聞] 台積電：摩爾定律仍活躍 未來可能發展至1,2019/9/18,0.4867792806447223
[新聞]台積電 7nm 訂單交貨時間需時六個月,2019/9/19,0.02416618302454132
[新聞] 台積電：人才問題是半導體業隱憂,2019/9/19,0.00846108246443611
[新聞] 傳高通回頭 台積電產能塞爆,2019/9/21,0.07149308019089073
[新聞] 台積電曝先進製程佈局至1奈米 韓媒：三星,2019/9/24,0.06105034418021227
[新聞] 華為麒麟1000處理器曝光 將採用台積電5奈,2019/9/25,0.2399260405558874
[新聞] 阿里AI晶片問世 台積助攻,2019/9/26,0.49919475664048796
[新聞] 撿到原子彈！台積電逆天 股價飆新高,2019/9/27,0.3591767312688523
[新聞] Q4營收將優於預期 外資︰台積目標價320元,2019/9/27,0.001263911718347499
[新聞] 台積電反擊格芯 在美德新加坡控侵犯25項,2019/10/01,0.9291459723704483
[新聞] 美國發起337調查 台積電怒了：奉陪到底,2019/10/01,0.9438067086965738
[新聞] 台積電以25件專利在美、德和新加坡重量,2019/10/01,0.9499551689874468
[新聞] 台積電強調技術自研發動侵權反擊，陸行,2019/10/01,0.9961091361125493
[新聞] 得益於先進製程優勢，台積電於2019年下半,2019/10/01,0.27624986057304135
[新聞] 台積大漲加外資大買上百億　台股勁揚進逼,2019/10/02,0.07182666494969991
[新聞] 小摩喊進台積：絕不會太貴,2019/10/03,0.07439244055364747
[新聞] 就算給台灣第二家台積電，還是會被外資買,2019/10/07,0.05125451645955703
[新聞] 台積電飆286.5元新高價 台股攻破萬一關卡,2019/10/08,0.14029697631218319
[新聞] 台積電全球第一以EUV導入N7+、助攻客戶,2019/10/08,0.4295903924690837
[新聞] 台積電超越迪士尼 市值7.42兆元晉升全球,2019/10/08,0.9657591908096016
[新聞] 感謝台積電 新光金獲利快追平去年同期,2019/10/09,0.48028169797079356
[新聞] 三星滾吧！台積電出驚人絕招 華為明年下,2019/10/10,0.0958970202027819
[新聞] 法說前外界看好台積電Q4營運,2019/10/11,0.959109513620195
[新聞] 台積電市值飆全球第20大！謝金河：無可超,2019/10/11,0.08201059387898213
[請益] (新手蠢問題)為什麼都推薦買台積電?,2019/10/11,0.09516931416097651
[新聞] 台積電還能買嗎？八外資財測全都露,2019/10/14,0.33133020647827616
[新聞] 郭明錤：iPhone SE2將現換機潮 看好台積,2019/10/14,0.2277716192777034
[新聞] 台積電股價衝293.5元新高 市值攀7.61兆元,2019/10/15,0.7148759930212942
[新聞] 台積電迎接法說會 股價創新高,2019/10/15,0.1562079119551918
[新聞] 《半導體》台積電領頭衝，花旗喊上364元,2019/10/15,0.024875216499661512
[新聞] 台積電法說〉Q3純益季增逾5成 每股賺3.9,2019/10/17,0.0861272604508121
"[新聞] 台積電Q3獲利1,010.7億元 每股賺3.9元",2019/10/17,0.0397891263616863
[新聞] 台積資本支出上修約40%到140～150億,2019/10/17,0.6609331181152157
[新聞] 成長擋不了！台積電 2019 年第 3 季營收,2019/10/17,0.2513607901652648
[新聞] 台積電投資增4成不是重點！ 美作家驚這,2019/10/19,0.36821093049324016
[新聞] 買台積為何賺不到？老謝揭散戶致命錯誤,2019/10/21,0.9465875095607154
[新聞] 台積電 7 奈米強化還不夠，5 奈米強化連,2019/10/21,0.9889875182484463
[新聞] 台積電神龍擺尾！ 台股收11271.25 點 寫,2019/10/22,0.036227309515526884
[新聞] 英特爾CPU代工 台積等著吃,2019/10/26,0.5203266624951685
[新聞] 台股戰新高 聚焦電子法說及台積走勢,2019/10/27,0.03005057892798868
[新聞] 美軍盼晶片在地生產 台積電評估赴美建新,2019/10/28,0.9443888588486583
[新聞] 台積電 5 奈米良率達到 50%，2020 年第 1,2019/10/28,0.21324177782727205
[新聞] 台積公司和格芯宣布透過全球專利交互授權,2019/10/29,0.06638155996700557
[新聞]  台積電與格芯達成和解及全球專利交互授,2019/10/29,0.22341041923509763
[新聞] 謝金河26年前花6萬買台積電 現變900萬,2019/10/29,0.3227424409208828
[新聞] 台積電砸600億屏東蓋太陽能電廠,2019/10/30,0.663483750060329
[新聞] 台積股價衝300元 市值往8兆元邁進,2019/10/31,0.05694269270063157
[新聞] 台積電漲到3百元張忠謀：不意外有信心看漲,2019/11/02,0.9418930728656019
[新聞] 台積電的5奈米已經幫HPC做優化,2019/11/03,0.15218681053862604
[新聞] 台積後市強 目標價外資喊到424元,2019/11/04,0.04649300476412521
[新聞] 台積電採購綠電挑戰10億度、不自建太陽,2019/11/04,0.6253122986620052
[新聞] 台積電市值飆近8兆元新高 帶動台股大漲,2019/11/04,0.897270553992485
[新聞] 台積電股價盤中再飆　領軍台股攻11600點,2019/11/05,0.013012767123842917
[新聞] 美國:台積造的晶片最後跑到中國對台導彈裡,2019/11/06,0.9800124657024408
[新聞] 韓媒：台積電獨吞華為大單，三星離 2030,2019/11/06,0.018052442155902737
[新聞] 台積電10月營收破千億 創歷史次高,2019/11/08,0.07907509305378713
[新聞] Arm科技論壇：聚焦5G、AI、IoT，台積電將,2019/11/11,0.5704025491990404
[新聞] 台積電前途似錦但要站穩300元還有兩變數,2019/11/11,0.23415366637082935
Fw: [新聞] 台積電「一張白紙」強碰三星「老謀深算」,2019/11/12,0.010991810057641493
[新聞] 不怕美追殺！陸晶圓大咖暴賺3倍 台積電叛,2019/11/14,0.508404673072923
[新聞] 力積電明年上興櫃 朝「小台積電」發展,2019/11/14,0.11805543554034614
[新聞] 挾台積電利多 信紘科股價近月飆漲1.2倍,2019/11/15,0.04154577649589242
[新聞] 華為高層訪台積電敦促先進製程前進中國，,2019/11/15,0.09207182715311868
[新聞] 除了技術還有更具威脅的挑戰！台積電下一,2019/11/17,0.9612194618920614
[新聞] 7奈米訂單塞爆…台積電能見度 看到明年Q2,2019/11/18,0.32737060279903807
[新聞] 台積加大南科投資 砸兆元建廠,2019/11/19,0.6923958619718961
[新聞] 半導體資本支出總額創新高，三星、台積電,2019/11/19,0.04067887744659726
[新聞] 台積電股價 315 元創 8.17 兆元新高市值,2019/11/20,0.04659131782214754
[新聞] 2019年TOP15半導體供應商，台積電、聯發,2019/11/21,0.7005193886105966
[新聞] 台積先進製程滿載 「插隊」難度高,2019/11/22,0.01865197005700092
[新聞] 台積電市值首度超越三星電子 成為亞洲最,2019/11/25,0.3184716575309353
[新聞] 以TSMC為榮！台積電超越三星電子 成為市,2019/11/25,0.05175143177618291
[新聞] 「tsmc」為何不是「TSMC」？ 台積電非凡,2019/11/26,0.9200695685429776
[新聞] 台積神助攻5G有破綻？外資竟建議賣聯發科,2019/11/27,0.6907181922770955
[新聞]台積電首次超越三星電子，成為亞洲市值最,2019/11/30,0.40288162859013876
[新聞] 高通高階5G晶片驍龍865 委由台積電代工,2019/12/05,0.44932628530278806
[新聞] 2330 台積電鉅額交易 爆萬張大量,2019/12/05,0.2579571382037258
[新聞] 投資台積逾25年 陳重銘表示：,2019/12/06,0.05166142007424379
[新聞] 核彈又來了！台積電逆天股價飆新高,2019/12/06,0.7380469804643893
[新聞] 台積電技術持續領先，小摩稱 2 奈米才會,2019/12/06,0.2715454349500439
[新聞] 台積電獲索尼大單 攻5G應用再下一城,2019/12/09,0.7414187874356395
[新聞] 台積電11月營收創新高，連4月破千億元,2019/12/10,0.06534667457497068
[新聞] 不捨得賣台積電 新光金出現今年首月虧,2019/12/11,0.651157846300954
[新聞] 台積電飆高 台股一舉站上11700點 再創29,2019/12/11,0.10986303060984814
[新聞] 2019年第四季全球晶圓代工、台積電52.7%,2019/12/11,0.7043385587845453
[新聞] 神秘大戶尾盤敲進9257張　台積電瞬間彈,2019/12/11,0.05265254490857729
[新聞] 台積扮先鋒 台股寫6高,2019/12/12,0.14576849248314805
[新聞] 台積電 5 奈米製程測試良率超過 8 成，電,2019/12/13,0.26778494345441717
[新聞] 彭博：台積電大方給股利 完勝三星,2019/12/13,0.19763418221605789
[新聞] 外資估明年營收成長16% 上調台積電目標,2019/12/13,0.020755892792029162
[其他] 上市大盤加權股價指數(扣台積電)更新,2019/12/13,0.0005659233422640186
[新聞] 0050投資台積電比重 衝破40%,2019/12/14,0.6898139057713368
[新聞] 外傳台積電製造的 AMD Zen2 晶片，以完,2019/12/14,0.37507383188408705
[新聞] 驚！才1個月…台積電5奈米爆驚人突破,2019/12/16,0.21245672510611435
[新聞] 台積目標價350元 外資新共識,2019/12/17,0.10384682101570819
[新聞] 台積電現在買還來得及？行家分析：真的別,2019/12/17,0.9958771887122749
[新聞] 5G助攻聯發科、拉攏高通 台積電爆斷死敵,2019/12/17,0.607133807016013
[新聞] 《國際現場》三星結合政府資金 對抗台積電,2019/12/18,0.14845235545198565
[新聞] 台積電明日除息 台股開盤蒸發21點,2019/12/18,0.07121242329017297
[新聞] 買344元台積電就跌了 網友冷看股市笨鳥崩,2019/12/19,0.002820397883210868
[新聞] 突然天黑！台積電大暴殺 網友抓到兇手了,2019/12/19,0.34261916869148745
[新聞] 美擴大防堵華為 台積應變,2019/12/23,0.07749785067297299
[新聞] 除息前押20張.慘了?他爆買台積電驚天秘密,2019/12/23,0.9920258895959106
[新聞] 台積電回檔 權證押寶買盤進場,2019/12/24,0.36764431253909036
[新聞] 台積電核彈拱台股？老謝爆背後有「藏鏡人,2019/12/28,0.3195846847964555
[新聞] 亞馬遜熱銷榜洩密！專家爆台積電2020恐…,2019/12/29,0.07815338680116357
[新聞] iPhone12晶圓代工 台積電通吃,2019/12/30,0.2669644559452744
[新聞] 超微新CPU訂單 台積全包,2019/12/31,0.5132820990158203
[新聞] 半導體市值今年增4.15兆元 台積電貢獻最大,2019/12/31,0.41726766934631054
[新聞] 2019零股市場誰最受寵 台積電只排第三,2020/1/01,0.02641532057844631
[新聞] 美晶片廠爆慘況！台積電竟中槍？,2020/1/03,0.3540263086420853
[新聞] 台積、聯發科 大和喊必買,2020/1/07,0.7791644830658679
[新聞] 三星電子開始量產6奈米晶片，緊追台積電,2020/1/07,0.1729276270830633
[新聞] 救市買盤拉抬台積電 台股早盤大跌百點黑,2020/1/08,0.002247057320539203
[新聞] 台積砍單華為 空出產能被瞬間搶光,2020/1/08,0.0025331308677012387
[新聞] 台積電第4季營收超越財測 全年再飆逾兆,2020/1/10,0.7192370904948594
[新聞] 台積電聘請英特爾前遊說主管 處理美中貿,2020/1/13,0.6755683002924251
[新聞] 美撕中國「匯率操縱國」標籤 台積電ADR,2020/1/14,0.7527662987609557
[新聞] 日經：華府施壓台積電在美生產軍用晶片,2020/1/15,0.1210268644669723
[新聞] 台積電將開啟多年高成長趨勢 外資喊397元,2020/1/15,0.06060515451800352
[新聞] 台積電將斷供華為?路透:美擬新規收緊對華,2020/1/16,0.12621469096775462
[新聞] 台積電Q1營運淡季不淡 美元營收102~103億,2020/1/16,0.2773624659973104
[新聞] 台積7nm出貨時間延長 intel想下單,2020/1/16,0.10115248923412767
[新聞] 美國防部施壓？台積電回應：關鍵在成本,2020/1/17,0.8596797784511511
[新聞] 衝破400元！台積目標價 花旗喊402元,2020/1/18,0.004024423547647649
[新聞] 台積電7奈米產能塞爆！ 傳英特爾參戰力抗,2020/1/18,0.0033223085047306977
[新聞] 看漲台積電！華爾街：強勁資本支出計畫,2020/1/19,0.7477262069287306
[新聞] 台積電宣布2020年資本支出150至160億美元,2020/1/20,0.06315741421297316
[新聞] 四產業助攻 穆迪：台積電今年營收有望成,2020/1/20,0.3538000102868699
[新聞] 三星追不上台積電 原因不全是技術,2020/1/28,0.44852865616415405
[新聞] 回神抗「疫」，台積電拉台股奮起,2020/1/31,0.046391633497942064
[新聞] 台積電聯電中國廠區持續運作，不受武漢,2020/1/31,0.8544219053129403
[新聞] 5奈米及3奈米戰爭＝台積電與三星對壘,2020/2/05,0.005478489010453114
[新聞] 台積電南京廠10日全面復工 不影響第1季,2020/2/05,0.731418539228779
[標的] 國泰金、台新金、兆豐金、台積電 多,2020/2/07,0.9300446491047604
[新聞] 台積電1月營收續揚 連6個月站穩千億元大,2020/2/10,0.023605202950231274
[新聞] 台積電去年大賺！員工分紅續破百萬 股東,2020/2/12,0.17104665193506718
[標的] 台新金、國泰金，兆豐金、台積電 多,2020/2/12,0.9300446491047623
[新聞] 驚喜！！ 台積電進MSCI伊斯蘭指數,2020/2/14,0.09132983664854333
[新聞] 本土壽險狂賣台積電 他們爽接樂翻了,2020/2/18,0.6019863060426358
[新聞] 設備業者：台積5奈米訂單 提前爆滿！,2020/2/20,0.015879297422639826
[新聞] 台積電據傳在自我砍單華為,2020/2/20,0.026576400931692223
[新聞] 意法半導體宣布攜手台積電，發展化合物半導體產品,2020/2/21,0.030595950407343198
"[新聞] 台積電急徵逾1,500多個工程師及製程技術",2020/2/24,0.19031134052256948
[新聞] 英特爾不滿「製程進步、密度沒有」 台積,2020/2/26,0.009795747077692818
[新聞] 擁台積7奈米助攻！AMD搶吃英特爾CPU市場,2020/2/28,0.0795197525288045
[新聞] 吊車展恐成絕響！台積電賤價強徵　胡漢,2020/2/28,0.04770630628362982
[新聞] 疫情不影響訂單 台積電挑客戶.分配產能,2020/3/03,0.3576745484339555
[新聞] 博通聯手台積電強化CoWoS平台 運用3D堆疊,2020/3/04,0.353404225906766
[新聞] 台積電2期擴建案遇反彈　地主不捨新房剛,2020/3/05,0.10453221920734401
[新聞] Intel 承認落後於台積電　最少 2 年才可,2020/3/06,0.9628513727036457
[新聞] 需求旺 台積電全年沒淡季,2020/3/07,0.7680642378848281
[新聞] 不滿科管局幫台積電擴廠 運璿科技「送」,2020/3/07,0.17306150829973543
[新聞] 英特爾獨顯 GPU 傳將由台積電 6 奈米代工,2020/3/09,0.037196883835135086
[新聞] 台積電股價續滑 進入3百元保衛戰,2020/3/10,0.017768079930635783
[新聞] 台積公司2020年2月營收報告,2020/3/10,0.05019440721178736
[新聞] 台積電跌到300元能買嗎？法人這樣看,2020/3/10,0.016802258627230393
[新聞] 個股：台積電(2330)2月營收穩健、合乎預,2020/3/10,0.009255195738029132
[新聞] 台積電2020年2月營收月減9.9%、但較去年,2020/3/11,0.08364927083568052
[新聞] 台積電5nm將於四月量產 產能已被蘋果A14,2020/3/11,0.15994233678760406
[新聞] 疫情延燒 台積電股價跌破3百元大關,2020/3/12,0.0124007721575774
[新聞] 傳47例為協力廠商員工 台積電：未有確診,2020/3/12,0.03153469342152637
"[新聞]美股再觸熔斷!波音狂跌15%,台積電ADR大跌6",2020/3/13,0.08670550870782323
[新聞] 護航台積電 6大外資信心喊話,2020/3/13,0.33137443193996285
[新聞] 台積電重挫 股價摜破300元,2020/3/13,0.08657402701146377
[新聞] 台積電營收創高有望,2020/3/15,0.261404788737971
[新聞] 萬點行情告終！台股收盤重挫405點 台積電,2020/3/16,0.06690199509792094
[新聞] 外資示警：今年台積電EPS恐出現零成長,2020/3/17,0.7401361218158455
[新聞] 連8賣台股 台積電淪外資提款機遭砍3.9萬,2020/3/17,0.009987984691775309
[新聞] 台積電ADR狂漲8.1% 今開盤不漲也難,2020/3/18,0.04004217491856543
[新聞] 2大因素拉不動股價 台積電超跌了,2020/3/18,0.09379553906979177
[新聞] 台積電3/19每股除息2.5元 影響台股指數21,2020/3/18,0.020998581270931238
[新聞] 台積電一名員工感染新冠肺炎 公司：不影,2020/3/18,0.66360358553644
[新聞] 台積電1名員工確診新冠肺炎 將啟動分組,2020/3/18,0.03300314279108374
[新聞] 除息前外資連十賣 台積電過年後市值蒸發1.89兆,2020/3/19,0.9419697801237144
[新聞] 台積電員工確診肺炎 經長：非產線員工,2020/3/19,0.048668143092428506
[新聞] 台積電何時是買點 ? 法人就給一個字,2020/3/19,0.39918638384377625
[新聞] 台股跌破10年線！學者建議：保本就買台積,2020/3/19,0.02295993206972946
[新聞] 台積電 下半年接單旺,2020/3/21,0.19175546843173752
[新聞] 台積電非產線員工約3萬人將「在家上班」,2020/3/24,0.04229049768577908
[新聞] 終結連13賣 外資今買超台積電1.7萬張,2020/3/24,0.7308127602736615
[新聞] 台積電ADR飆漲8%高於台北溢價達10.7% 開,2020/3/25,0.7853682956674594
[新聞] 台股收盤大漲359點！台積電收漲3.55%,2020/3/25,0.0030764604539411655
[新聞] 台積A14不會拖累iPhone 12的上市,2020/3/26,0.039024903759482865
[新聞] 台積目標價 外資掀調降潮,2020/3/26,0.013259675870771037
[新聞] 台積目標價 外資掀調降潮,2020/3/26,0.013259675870771037
[新聞] 外資買超86億 台積電逾2萬張最多,2020/3/26,0.7000752260790195
[新聞] 美國擬限縮對華為供應晶片 矛頭指向台積,2020/3/27,0.674966121203681
[新聞] 台積電遭殺！台股虎頭蛇尾 終場下跌37點,2020/3/27,0.371320705704415
[新聞] 台積電與三星於5奈米EUV量產 可能延至202,2020/3/28,0.013196756624885841
"[新聞]今年沒有新iPhone?蘋果傳延後新機,台積電",2020/3/28,0.11062375261340252
[新聞] 押10張台積電284元,2020/3/29,0.6925912301171979
[新聞] 砸3億進場買進 龍巖 相中台積電,2020/3/30,0.07748681005015723
[新聞] 《半導體》台積電5奈米依進度進行,2020/3/30,0.03877553884755658
[新聞] 手機出貨量不如預期，台積電遭外資降評,2020/3/30,0.1219429718994598
[新聞] 華為麒麟820 5G單晶片 台積電7奈米操刀,2020/3/31,0.3273706027990255
[新聞] 台積電最大噩夢又來？ 驚爆老美封殺華為,2020/4/03,0.11934783796029003
[新聞] 台積電確診員工恢復良好 接觸30名員工週,2020/4/04,0.08852397709515036
[新聞] 台積電3月營收1135.2億，月增21.5%，年增42.4%,2020/4/10,0.25273489115527725
[新聞] 台積電拿下MPW代工Akida神經網路晶片,2020/4/10,0.17463700433291707
[新聞] 台積電近期動能無虞 美系外資重申買進評,2020/4/13,0.4236806179182825
[新聞] 押寶法說會？外資鉅額買台積電 驚見305,2020/4/15,0.6019128400477946
[新聞] 外資才買一天又轉賣 期貨同步減碼 台積電,2020/4/15,0.595115437803104
[新聞] 〈台積電法說〉Q1雙率再超標 純益續寫新,2020/4/16,0.021296991034917778
"[新聞] 台積電Q2營收 估3,030~3,120億元",2020/4/16,0.12652576427745665
[新聞] 〈台積電法說〉Q2營收估增-2至0.8% 雙率,2020/4/16,0.06454841909130993
[新聞] 美股道瓊下跌逾200點台積電ADR一度大漲6％,2020/4/16,0.2835286599881738
[新聞] 台積電2020年Q1毛利率達51.8％、7奈米比,2020/4/17,0.35168137965410795
[新聞] 憂台積電受美限制，傳華為晶片擴大轉單,2020/4/17,0.5962931018774175
[新聞] 焦點股：台積電、欣銓、帆宣、晶技、定穎,2020/4/17,0.6932660482856601
[新聞] 外資認錯回補台積電5.7萬張 買超張數創,2020/4/17,0.9820936375947104
[新聞] 傳華為轉單中芯 台積電：未失去市占,2020/4/17,0.0824135835340668
[新聞] 台積電全面總體檢 明後年可望上看400元,2020/4/18,0.03541800365415726
[新聞] 14奈米競賽 中芯與台積電差距六年,2020/4/18,0.07502428786941318
[新聞] 台積5奈米就緒 催生新商機,2020/4/19,0.6309563579556821
[新聞] 台積電去年營收連10年創新紀錄 市占率52%,2020/4/21,0.17896148836244374
[新聞] 蘋果計劃明年Mac改用台積電代工自家晶片,2020/4/23,0.5516023156688664
[新聞] 台經院：台積電今年仍為護國神山,2020/4/24,0.4425521661131705
[新聞] 蘋果、台積合作深化 產能全塞滿,2020/4/24,0.340123945848088
[新聞] Q1財報傲人！台積電的下個決勝點,2020/4/27,0.03982676737053459
[新聞] 客戶沒砍單才是下半年風險！外資降評台積電,2020/4/28,0.00022265931093423674
[新聞] 台積電從技術落後2代到7奈米量產領先，,2020/4/28,0.9446346108875296
[新聞] 驚爆台積電大客戶劈腿？竟是死敵曝大招,2020/4/29,0.0009855912219361995
[新聞] 美緊縮出口 牽動台積布局,2020/4/29,0.952366693506423
[新聞] 不畏疫情 台積電調薪3-5％竹科廠商將跟進,2020/5/01,0.32627771109737724
[新聞] 上市櫃公司治理評鑑 台積電聯電排名前5%,2020/5/01,0.004598107345321845
[新聞]傳與台積電開發晶片 愛普股價創高周漲45%,2020/5/03,0.8389719597938372
[新聞] 中壽取得台積電公司債  利率：0.60%,2020/5/04,0.6006369856251712
[請益] 新手請益關於台積電的疑問,2020/5/05,0.14176178107557713
[新聞] 我國首波綠電轉供交易高達1.1億度 台積電,2020/5/08,0.9455791953306957
[新聞] 蘋果A14晶片變心！美2大廠互咬搶台積電7,2020/5/10,0.24520876636684574
[新聞] 美國要半導體自給自足 點名台積電赴美設廠,2020/5/10,0.7447626863864808
[新聞] 台積電董事會通過：今年Q1現金股利2.5元,2020/5/12,0.061029849844351
[新聞] 家登台南不動產賣台積電 估賺5.18億元,2020/5/13,0.5617304193251241
[新聞] 台積電竹南設廠啟動！最快明年中完工,2020/5/13,0.951162103051819
[新聞] 彭博指加州適合建新廠 台積電：無具體計,2020/5/14,0.45516396785537894
[新聞] 中環取得取得台積電普通股股票之公告,2020/5/14,0.41335858154157334
[新聞] 台積電遭調查反競爭案 歐盟執行委員會結案,2020/5/14,0.039523946667665566
[新聞] 沒事了！台積電遭調查反競爭案 歐盟執委,2020/5/14,0.11488295394214787
[新聞] 重磅！傳台積電週五宣布赴美設廠 落腳亞,2020/5/15,0.914157306264327
[新聞] 台積電將斥近3600億元在美建5奈米廠 2024,2020/5/15,0.9341968605902797
"[新聞] 台積電宣布投入3,600億元赴美設先進晶圓",2020/5/15,0.47208050141605074
[新聞] 台積電敲定赴美設5奈米晶圓廠、2024年開,2020/5/15,0.5356094665879437
[新聞] 剛取得千張台積電 中環股價飆至漲停,2020/5/15,0.5653434032893475
[新聞] 台積電赴美設廠 日月光投控：會以成本...,2020/5/15,0.5609783394083384
[新聞] 台積電7奈米加持！NVIDIA端全新A100 GPU,2020/5/15,0.5933743736470806
[新聞] 蓬佩奧讚台積電赴美設廠 中國：搞脫鉤沒,2020/5/16,0.647997100042306
[新聞] 陸美科技戰再起 台積電ADR重摔、美半導,2020/5/16,0.642227328072279
[新聞] 台積電赴美設廠 業界：迫於政治壓力 預,2020/5/16,0.9191670699007356
[新聞] 台積電沒有模糊空間了！美國最新公告,2020/5/17,0.27517632162815375
[新聞] 台積電赴美設廠 分析師：一壞兩好,2020/5/17,0.9813876333758694
[新聞] 美下追殺令 華為緊急下單台積210億,2020/5/18,0.2729722980975262
[新聞] 外資示警 台積營收恐減20%,2020/5/18,0.1076388481376147
[新聞] 台積電捲入貿易戰 台股520行情遇亂流,2020/5/18,0.04749731285893788
[新聞] 台積電擬赴美設5奈米廠 業者：獲利非難事,2020/5/18,0.8007955449586793
[新聞] 隨著圍堵華為和台積電赴美設新廠之後，,2020/5/18,0.46250200480004866
[新聞] 美國科技獵殺台積電解套　陸行之：扶植非,2020/5/19,0.9841971733456973
[新聞] 台積電已停華為新訂單,2020/5/19,0.10955444534695324
[新聞] 華為手機難產誰獲利？ 驚爆台積電死敵撿,2020/5/19,0.0037456256830988854
[新聞] 鴻海取代台塑成台灣產業新龍頭 台積電最,2020/5/19,0.3762197324183959
[新聞] 台積電赴美設廠掀四地效應 謝金河：對產,2020/5/19,0.7768828908680894
[新聞] 光環盡失？ 外資拋售台積 持股8年最低,2020/5/19,0.021448287010921274
[新聞] 台積電若停接華為訂單，三星受惠？韓媒：,2020/5/20,0.014101527087844401
[新聞] 半導體設備廠受惠台積電將赴美題材，家登,2020/5/21,0.30885748405013613
[新聞] 5奈米製程之爭揭曉 台積電領先三星逾1年,2020/5/21,0.00979277975040993
[新聞] 「老大要胡牌」台積電遭爆料：被點名來美,2020/5/23,0.3753560999865613
[新聞] 蘋果推智慧眼鏡 台積受惠,2020/5/23,0.6355309439717811
[新聞] 台積電赴美設廠目的 分析師：成為美國軍,2020/5/24,0.9945736542602738
[新聞] 「當年華府看台灣即中國！」 前台積電法,2020/5/24,0.5557124094613726
[新聞] 與時間賽跑 傳台積電趕在緩衝期內出貨華,2020/5/24,0.0030581352617026214
[新聞] 前台積電法務長爆料 張忠謀15年前規劃赴,2020/5/25,0.9426089363474967
[新聞] 油國基金出脫...台積被賣超70萬張 國巨、鴻海排第二第三,2020/5/26,0.19079337321045298
[新聞] 三星投資80億興建5奈米EUV代工廠緊追台積,2020/5/26,0.5519358835035825
[新聞] 《科技》XRSPACE拚當下一個台積電 周永,2020/5/26,0.524971107419859
[新聞] 華為影響可控 外資續喊買台積電,2020/5/27,0.32674014257471884
[新聞] 傳台積電強化 5 奈米製程提前量產，AMD,2020/5/29,0.6922775416539487
[新聞] 台積電5奈米擴建喊停 設備商：影響有限,2020/6/01,0.5767943367604622
[新聞] 台積5奈米擴建 延至明年Q1,2020/6/01,0.7720133443667462
[新聞] 駁先進製程時程延後傳言 台積電：一切依,2020/6/01,0.05854397859834115
[新聞] 索尼結盟台積電代工以對抗三星擴大投資CM,2020/6/01,0.0636587056314275
[新聞] 中環公告處分台積電,2020/6/01,0.4043949259603796
[新聞] 台積電率先推出7奈米汽車設計實現平台,2020/6/01,0.6558554629260612
[新聞] 日經：台積電停供晶片 華為擬透過聯發科,2020/6/01,0.01748190476828637
[新聞] 駁斥替華為採購台積電晶片 聯發科：一向,2020/6/02,0.8395400745292279
[新聞] 瘋買台積電 持股5張內小股東今年暴增12萬,2020/6/02,0.11194233606423565
[新聞] 中媒看中芯招股書 自剖與台積電的距離,2020/6/04,0.04573123607068541
[請益] 新手應該存台積電嗎？,2020/6/05,0.14280580478850746
[新聞] 台積電股價衝309元 市值突破8兆元,2020/6/05,0.7451106256904287
[新聞] 沒華為就慘了？台積電7月恐有大事發生,2020/6/07,0.034485464220894047
[新聞] 傳 AMD 提前下 5 奈米，台積電補上海思,2020/6/08,0.1496876102349115
[新聞] 台積研發2奈米 腳步加快,2020/6/08,0.9152326993425585
[新聞] 光阻劑事件台積電並未踢掉本土供應廠　「,2020/6/09,0.00124819145760946
[新聞]〈台積電股東會〉今年資本支出不變,2020/6/09,0.033711425809935136
[新聞] 《半導體》台積電：美政府補助是赴美設廠,2020/6/09,0.5834939132085811
[新聞] 4大客戶可補華為缺口？他曝台積電致命傷,2020/6/09,0.23552188068089208
[新聞] 台積電美國投資案 劉德音：一定可以賺錢,2020/6/10,0.13901065732336515
[新聞] 〈台積電109年股東常會〉赴美設廠：絕對,2020/6/10,0.7183990831851776
[新聞] 台積電 5 月營收,2020/6/10,0.1004862983689152
[新聞] 哭暈…買台積電沒聽老母的話！網驚1張竟,2020/6/11,0.2888309234214259
[新聞] 市場點名3家赴美聯軍 台積電：不評論,2020/6/15,0.22512622506629698
[新聞] 全球晶圓代工市占率 三星縮小與台積電差,2020/6/15,0.0055162184860961805
[新聞] 台積電組聯軍赴美 勝一漲停表態、多檔設,2020/6/15,0.4980382863381341
[新聞] 高盛點出台積電軟肋 更愛中芯國際,2020/6/17,0.7935215119165435
[新聞] 老謝讚護國神山 台積電開盤2分鐘填息！,2020/6/18,0.1455363155563948
[新聞] 幫找工作！管中閔向台積電推銷　「台大,2020/6/20,0.14309179290837337
[新聞] 前台積電老將、武漢弘芯CEO蔣尚義傳退意,2020/6/22,0.20374539458301177
[新聞]  中環處分台積電。獲利一千多萬！,2020/6/24,0.6092624127109878
[新聞] 台積跨海設廠 傳獲美金援,2020/6/25,0.7986590334586859
[新聞] 台積電供應鏈 蓄勢待發,2020/6/27,0.45705622729989415
[新聞] 台灣晶圓產能連五年奪冠、台積電是重要,2020/6/29,0.26328205149334716
[新聞] 5G晶片出貨旺... 聯發科大追單 台積電進,2020/6/30,0.2565961599884765
[新聞] 聯詠薪資中位數239.8萬稱冠 比下台積電,2020/7/01,0.2148279744693098
[新聞] 外資看好台積6月營收創高 將重返千億,2020/7/02,0.02684809880832595
[新聞] 台積電擴產不停歇 將再發債139億,2020/7/04,0.1409558901611444
[新聞] 三星投資3.6兆劍指台積電 日經：將是1,2020/7/05,0.003692459331045228
[新聞] 台積電再奪索尼CIS大單,2020/7/06,0.8248799302736519
[新聞] 外資上週買超110億 鴻海、台積電最受青睞,2020/7/06,0.515684820253326
[新聞] 三星跳過4奈米，期望直攻3奈米挑戰台積電,2020/7/06,0.010261900840633054
[新聞]亞股大漲後 道瓊早盤接力漲逾300點、台積,2020/7/06,0.02814357779511034
[新聞] 台積奪索尼大單 采鈺、同欣電齊迎商機,2020/7/07,0.047298874352325604
[新聞] 台積電向沃旭買20年綠電 創全球最大規模,2020/7/08,0.7478356645600628
[新聞] 台股開盤衝破12200關卡！台積電股價創新,2020/7/09,0.006676402847920926
[新聞] 又慘輸台積！三星砍掉4奈米驚爆2大危機,2020/7/09,0.0006018162329711751
[新聞] 台積電6月營收月增近3成創新高 Q2寫次高,2020/7/10,0.14341617041108545
[新聞] 台積電飆353元續創新高 市值9.15兆元破新,2020/7/11,0.9289420071506951
[新聞] 台積電動能下半年轉佳　但明年三大客戶,2020/7/12,0.5622289092235373
[新聞] 3個月賺650萬！他新冠股災「all in台積電,2020/7/12,0.033734187902586865
[新聞] 台積研發2奈米 大突破,2020/7/13,0.9942130104386909
[新聞] 台積電法說前傳喜訊 4字頭目標價重現江湖,2020/7/13,0.18319919090430004
[新聞] 華為掉單也沒差！外資喊台積電目標價500元,2020/7/14,0.0001953620554701052
[新聞] 財報週來了！克萊默：台積電最重要、美股體質看銀行股,2020/7/14,0.2595825036029654
[新聞] 台股創高後震盪收黑 關注台積電法說會,2020/7/15,0.14580071370966663
[新聞] 謝金河：台積電大聯盟可望成形 三大原因,2020/7/16,0.5316237340027989
[新聞] 台積電2q獲利 +81%,2020/7/16,0.5523499713322098
[新聞] 台積電超越三星 成為全球市值最高晶片廠,2020/7/16,0.42643961387294327
[新聞] 台積電營收創新高,2020/7/16,0.3925220997175134
[新聞] 台積電2020年第二季 每股賺台幣4.66元創,2020/7/16,0.24736526054204833
[新聞] 中環取得大立光&台積電普通股公告,2020/7/16,0.44484757415551124
[新聞] 台積電9月4日後不會供貨華為,2020/7/17,0.0016400082919659775
[新聞] 台積電環保支出7年砸千億 經濟效益逾百億,2020/7/18,0.034094743666422844
[新聞] 南韓媒體稱三星靠 EUV 縮小與台積電差距,2020/7/18,0.024966442577750714
[新聞] 日媒：日本計劃邀台積電與本土廠商共建,2020/7/19,0.0477970938890131
[新聞] 謝金河從台積電本益比看 股價還有空間,2020/7/20,0.4186594112297498
[新聞] 日本政府計劃邀請台積電赴日建廠,2020/7/20,0.5695204363519224
[新聞] 傳日本政府計畫邀請赴日建廠 台積電回應,2020/7/20,0.31097954684010487
[新聞] 「護國神山」市值破10兆！台積電387元刷,2020/7/21,0.06166801276084233
[新聞] EUV成為ASML金雞母、台積電與三星代工競,2020/7/21,0.543001811765765
[新聞] 台積電市值創高 經營團隊15人身價上億元,2020/7/21,0.13298370776092838
[新聞] 謝金河：台積電若邁向400元 台股12682點,2020/7/21,0.10612788214859137
[新聞] 台積電續創天價 張忠謀持股 價值478億,2020/7/22,0.17716614117651808
[新聞] 台積電貴森森 外資追世界先進,2020/7/23,0.11342164231081076
[新聞] 聯電慘輸台積電？陳水扁揭關鍵差異：西進,2020/7/23,0.0024420883117632908
[新聞] 【台股不斷更新】台積電飆天價　台股盤中,2020/7/24,0.004691150782301645
[新聞] 英特爾外包晶片製造？分析師：台積電不,2020/7/24,0.3368912434215753
[新聞] 前20大廠商撐起台灣1/3出口值 台積電連5年居冠,2020/7/24,0.24309926985670638
[新聞] 台積電漲幅收斂台股收跌109點 三大法人賣,2020/7/24,0.5343285045476481
[新聞] 台股沒有泡沫化疑慮 謝金河:台積電本益比,2020/7/25,0.06444794668442677
[新聞] 台積利多不斷 供應鏈歡呼,2020/7/25,0.44846406774235625
[新聞] 台積電ADR因英特爾失勢飆漲 周一開盤市,2020/7/25,0.014903923305455646
[新聞] 台積電ADR大漲　法人：本周台股將見證126,2020/7/26,0.0013928173445073577
[新聞] 台積電ADR暴漲9.69％ 法人：小心「拉東出,2020/7/26,0.13025431907242158
[新聞] 英特爾、超微助攻 台積電吃大單,2020/7/27,0.8618029859591129
[新聞] 台積ADR漲10% 台股蓄勢飆高 換算在台股,2020/7/27,0.021358738425172885
Fw: [新聞] 外包新生意…台積電不見得會接,2020/7/27,0.024814282805629917
"[新聞] 台積電亮燈漲停 台股站上12,686歷史新高",2020/7/27,0.4610484782926807
[新聞] 台積電獲得Intel 6nm芯片訂單 為自家獨,2020/7/27,0.2023807733320908
[新聞] 一將功成萬股哭！沒了台積電 大盤今跌42點,2020/7/27,0.20651265167829302
[新聞] 一張圖看懂台積電蟬聯5年外銷龍頭成績單,2020/7/27,0.6284196955984154
[新聞] 台積、發哥罩台股 12686改寫歷史高 老謝,2020/7/27,0.0261894672862506
[新聞] 分析師：台積電不一定吃得下,2020/7/27,0.7817731554723534
[新聞] 扼腕!台積電創高散戶錯失 分析師曝原因,2020/7/27,0.9823479446412817
[新聞] 七成都買台積電！這檔台股ETF爆量飆漲停,2020/7/27,0.02983221072192299
[新聞] 經濟解析／台積電為何能打敗700磅大猩猩,2020/7/28,0.41260944145958367
[新聞] 台積電ADR飆漲逾12%再創新高 聯電漲近16%,2020/7/28,0.20045133948434912
[新聞] 台積、聯電攜手快攻萬三 聯發科半路翻黑,2020/7/28,0.8294876776743676
[新聞] 超越嬌生Visa 台積電登全球市值第十大公司,2020/7/28,0.5451875978701194
[新聞] 上半年專利申請　台積電連續4年居冠,2020/7/28,0.9039264809396953
[新聞] 7奈米稱霸還不夠？ 傳台積電有望獲英特爾,2020/7/28,0.24415207354239643
[新聞] 出貨了！外資對台積電、聯電轉賣 買超15,2020/7/28,0.2963664575638283
[新聞] 台積再迎調升潮 500元成共識,2020/7/28,0.23246548370621467
[新聞] 美股道瓊早盤下跌 台積電ADR跌5.2%,2020/7/28,0.31722220022386416
[新聞] 他買到36元的台積電，工作忙碌忘記賣 ，,2020/7/28,0.04853426044587017
[新聞] 謝金河：物極必反　台積電階段任務完成,2020/7/29,0.9585562962678604
[新聞] 除了GPU委外生產 Intel更計畫與台積電合5,2020/7/29,0.5841331192416347
[新聞] 龍巖買了台積電股票 四個月賺70％,2020/7/29,0.6860055471867742
[新聞] 台積接單機率降？外資：推動英特爾委外代,2020/7/29,0.22320453315900557
[新聞] 中環取得台積電.....,2020/7/29,0.5601417570619023
[新聞] 謝金河：台積電完成階段性任務 台股聚焦Q,2020/7/29,0.1847010469974345
[新聞] 京城銀重押台積 直接多賺一個月,2020/7/29,0.08468065517950041
[新聞] 台積電可能掉槍？美媒爆恐跟這人有關,2020/7/30,0.3450628452549359
[新聞] 超微調高財測 台積好兆頭,2020/7/30,0.9539545492472347
[新聞] 英特爾7奈米慘！驚爆台積3、5奈米也撿槍,2020/7/30,0.17030588341128783
[新聞] 聽到隔壁大學生「買台積電賺到進口車」他,2020/8/02,0.12122023102337309
[新聞] AMD 趁勝追擊，傳明年成台積電最大客戶,2020/8/03,0.4422225893091688
[新聞] 傳三星5奈米出問題 高通晶片轉投台積電懷,2020/8/04,0.012236941808782986
[新聞] 彭博評台積電吃Intel訂單沒用分析師郭哲榮怒槓「邏輯不通」,2020/8/04,0.7460231236259971
[新聞] 台積電三個武器扳倒英特爾 挑戰500元天價,2020/8/05,0.12893670999123963
[新聞] 這檔ETF台積電占比近7成，股價更親民！,2020/8/05,0.2283516253508332
[新聞] 據日經新聞：台積電和富士康對收購ARM公,2020/8/05,0.10077694338933108
[新聞] 傳三星製程也受挫，台積電再度出手救援,2020/8/06,0.6967812878083789
[新聞] 日經報導：台積、鴻海 想入股安謀,2020/8/06,0.01732598017127296
[新聞] 《軟銀賣ARM》傳出台積電、鴻海有意入股A,2020/8/06,0.06797985692473218
[新聞] 三星發展晶片拚台積電！傳接思科、Google,2020/8/06,0.13003886190198344
[新聞] 中環-本公司處分台積電普通股股票之公告,2020/8/06,0.3118792565962454
[新聞] 媽媽給10張台積電 抱到現在年領股利200萬,2020/8/07,0.6705022325370178
[新聞] 華為證實 台積電9/15起不再供貨華為,2020/8/08,0.0015159860723167329
[創作］新世界秩序 ： 台積(一),2020/8/08,0.7444171484269153
[新聞] 台積出招 要找新活路,2020/8/09,0.18849171178708435
[新聞] 台積電將稱霸晶圓代工5年 3D封裝是未來新,2020/8/10,0.029899610228288465
[新聞] 台積５奈米 ８客戶瘋搶,2020/8/10,0.06471537807427852
"[新聞] 台積電上月營收1,059億元 年增25%",2020/8/10,0.32290795213970047
"[新聞] 台積電7月營收1,059億元 月減12.3%",2020/8/10,0.03494777657040693
[新聞] 再砸錢與台積電競爭 三星最快9月興建,2020/8/11,0.003414763150176303
[新聞] 台積電小心！中企頻出招挖角　外媒爆去年迄今已挖走上百人,2020/8/12,0.011952668572795755
[新聞] 2020年上半年半導體銷售10強、台積電排,2020/8/12,0.132818008524496
[新聞] 力特光電 36.5億元出售南科廠房給予台積,2020/8/12,0.655909805351276
[新聞] 台積電是誰的 美國真是最大的股東嗎,2020/8/13,0.8571658327415063
[新聞]大單到？外資曝台積發債原因！目標價530元,2020/8/13,0.0635034797492584
[新聞] 台積電2奈米新廠可能落腳中科十五廠旁,2020/8/13,0.6439577991253471
[新聞] 台積狂發債 外資推測接大單,2020/8/14,0.7074347098134738
[新聞] 台積電股票太貴，小資族買不起怎麼辦？,2020/8/14,0.0007715636344303167
[新聞] 傳英特爾新GPU產線 台積大單在握,2020/8/17,0.8508836888103034
[新聞] 台積電7奈米 獲博通HPC訂單,2020/8/17,0.2024049521948409
[新聞] 傳蘋果一款A14處理器命名玉山 台積電不,2020/8/17,0.164521429601595
[新聞] 強強聯手!台積電 7 奈米製程投產特斯拉,2020/8/17,0.9932194734322412
[新聞] 特斯拉吃大補丸！台積電 7 奈米 HPC 超大,2020/8/18,0.42381500024900276
[新聞] 中環投信取得台積電股票公告,2020/8/19,0.6420357641754028
[新聞]愛普攜手台積電與力積電搶下Google大單,2020/8/20,0.9679854902619496
[新聞] 台積電投資52億南科3度擴廠買地 加速5、4,2020/8/21,0.1147830737122979
[新聞] 台積電砸千億台幣採購30台EUV設備　遠勝,2020/8/21,0.023307675385762616
[新聞] 天價天量已現台股名師台積電攻不過466就,2020/8/22,0.01152927660265346
[新聞] 台積電有抗體 鐵嘴外資喊536元,2020/8/24,0.024422450728843192
[新聞] 彩晶出售南科閒置資產給台積電,2020/8/24,0.9713593571236985
[新聞] 擴產進度驚人 Aletheia喊台積590元,2020/8/25,0.30809267842509214
[新聞] 台積電連4次購地　謝金河：不尋常！,2020/8/25,0.5385344119059463
[新聞] 台積電技術論壇 魏哲家：3奈米明年試產,2020/8/25,0.9879735072364642
[新聞] 台積電2奈米將落腳竹科，緊鄰新建研發中,2020/8/25,0.9935626008570013
[新聞] 台積持續擴產 漢唐 帆宣 迅得 家登 好樂,2020/8/25,0.9794435227294772
[新聞] 台積電2020技術論壇：揭露先進製程最新時,2020/8/25,0.08958325019282742
[新聞] 中環處分台積電股票.....小賺,2020/8/25,0.4852479827075694
[新聞] 越做越強，台積電5奈米良率比7奈米更高,2020/8/26,0.9563803512468173
[新聞] 半導體庫存風險大！外資開出台積電降評,2020/8/28,0.0010261022170802159
[新聞] 蘋果A16搶輸了 台積電3奈米頭號客戶換人,2020/8/31,0.10119561999027193
[新聞] 散戶295元殺出10張淚灑股市 專家曝:台積,2020/8/31,0.8352803732261944
[新聞] 台積電擴大半導體學程 降低產學落差,2020/8/31,0.028811406964046826
[新聞] 台積電軟腳 台股虎頭蛇尾月線得而復失,2020/9/02,0.07834147594010421
[新聞] 就算買台積電 多數散戶還是賠錢！,2020/9/04,0.1373387708279965
[新聞] 台積電搶下訂單!特斯拉自駕晶片有多神？,2020/9/04,0.3354220348583399
[新聞] 中環投信取得台積電股票公告 9/4,2020/9/05,0.6175550191809189
[新聞] 台積電先進製程獨霸 聯電另有一片天,2020/9/06,0.09173791703429734
[新聞] 台積電一張43萬不貴　美媒三大理由：全球,2020/9/07,0.6568644766156856
[新聞] 4倍薪狂挖台積電員工 竟是中國晶片史上最,2020/9/08,0.8016569267062097
[新聞] 全球企業收益排行因疫情洗牌 台積電列23,2020/9/08,0.7715580547690487
[新聞] 台積電ADR挫跌逾2% 聯電、日月光逆勢大漲,2020/9/09,0.02975686080788953
[新聞] 全球獲利百大 台積排23名,2020/9/09,0.2906111939227475
[新聞] 新思設計平台通過認證 台積電3奈米可望,2020/9/09,0.03593933668856242
[新聞] 外資曝英特爾最新動作！台積電比預期更,2020/9/10,0.5164102075118464
[新聞] 中環處分台積電普通股 獲利338萬2550元,2020/9/10,0.07908585554958669
[新聞] 財經觀測站》台積電的吸星大法,2020/9/11,0.08559458435792666
[新聞] 台積電首度發行「10億美元公司債」！積,2020/9/11,0.42163172536346716
[新聞] 猛追台積電！韓媒：三星首搶得高通旗艦,2020/9/14,0.822841752243156
[新聞] 輝達併安謀 台積電利多,2020/9/15,0.32260577117817557
[新聞] 索尼下修PS5出貨目標 傳因台積電良率不良,2020/9/15,0.05685564850205904
[新聞] 英特爾晶片委外大單是否花落台積電仍是謎,2020/9/15,0.9440239890360631
[新聞] iPad Air率先採5奈米晶片台積電ADR飆逾6%,2020/9/16,0.08847165627422027
[新聞] 台積電股價大漲17元 市值逼近12兆元,2020/9/16,0.09680983108413188
[新聞] 台積電良率差影響PS 5出貨量？業界：Sony,2020/9/17,0.18487250243512432
[新聞] 台積電目標價新時代 里昂開出600天價,2020/9/17,0.07083577813726294
[新聞] 美股科技股走跌拖累 台積電除息行情失靈,2020/9/17,0.3168700594869728
[新聞] 2年燒光660億！4倍薪挖台積電員工　武漢,2020/9/18,0.6709483139163165
[新聞] 狠甩三星！台積大突破 2奈米超進度,2020/9/21,0.26098756518779587
[新聞] AMD宣稱已獲得供貨華為的許可證、台積電,2020/9/21,0.06637951980597845
[新聞] 憂中芯國際遭制裁 傳高通將轉單台積電等,2020/9/22,0.3204680807782222
[新聞]  台積連四黑 台股量縮大跌,2020/9/23,0.4688387675101737
[新聞] 外資挺晶圓雙雄 台積目標價587 聯電40元,2020/9/23,0.011067666218673167
[新聞] 台積劉德音：半導體效能每二年倍數提升,2020/9/24,0.04815767845777952
[新聞] 純晶圓代工市場於2020年將成長19%，台積,2020/9/24,0.038466976015983145
[新聞] 新iPhone倒數 蘋概動起來 台積電、玉晶,2020/9/27,0.971056958457416
[新聞] 中芯禁令 外資：台積電最大贏家,2020/9/28,0.4619015139504986
[新聞] 大突破！台積3奈米首波爆棚 這大咖全包,2020/9/30,0.9590940545159785
[新聞] 英特爾委外台積電代工處理器將自 3 奈米,2020/9/30,0.12554250534879563
[新聞] 台積電爆了！狂掃全球半數EUV機台狠甩死敵,2020/10/02,0.006018915129914593
[新聞] 川普確診！他預言台股變盤　台積電「跌到,2020/10/03,0.04434753495480548
[新聞] 台積電早盤收復月線 市值衝11.35兆元,2020/10/05,0.14785820891399204
[新聞] 中芯禁令上路 旺宏、聯電、台積電受惠,2020/10/05,0.5495252013522779
[新聞] 明年7月換發數位身分證 徐國勇掛保證：台積電製可放心,2020/10/06,0.9892836093886175
[新聞] 輝達打造超級電腦 台積進補,2020/10/07,0.6867755887586751
[新聞] 外資喊買台積電 目標價上調到600元,2020/10/07,0.0070962688743821944
[新聞] 台積電產能滿載吃不下 高通大單又被三星端走,2020/10/07,0.11390667843226443
[新聞] 外資喊多雙雄 台積電目標600 聯電45,2020/10/08,0.024298952901756987
[新聞] 台積公司2020年9月營收報告,2020/10/08,0.048388573863984985
[新聞] 台灣半導體前20大公司薪資排行曝光 台積,2020/10/08,0.10657341064852588
[新聞] NVIDIA、超微、蘋果訂單爆發　台積電三俏,2020/10/09,0.44904597521001854
[新聞] 政院拍胸脯 助攻台積1奈米,2020/10/09,0.5908220708335306
[新聞] 華為解套｜台積電傳獲部分出貨許可　ADR,2020/10/09,0.5233425815378281
[新聞] 傳可部分供貨華為 台積電：不評論市場傳聞,2020/10/10,0.004845942978287554
[新聞] 巴菲特小心！　台積電超車,2020/10/11,0.9676888729307211
[新聞] 台積電經13日終填息 改制季配息來最長紀錄,2020/10/12,0.27589415050013866
[新聞] 台積電填息完成 下一步瞄準過新高,2020/10/12,0.4863761157841209
[新聞] 供貨華為是大利多？外資對台積電預測出爐,2020/10/13,0.016320861407921217
[新聞] iPhone 12全系列亮相 法人：台積電可望受惠,2020/10/14,0.7318264066728312
[新聞] 台積法說會 散戶有好康？ 專家驚爆2結局,2020/10/14,0.02997280813068659
[新聞] 輝達新晶片 明年轉單台積,2020/10/15,0.6898328617699978
[新聞] 台積電 Q3 EPS beat,2020/10/15,0.4731111724953232
[新聞] 台積電第3季獲利創新高 每股純益5.3元,2020/10/15,0.777501632669815
[新聞] 台積電法說 Q4營收可望季增近5% 再創新,2020/10/15,0.689817138133352
[新聞] 台積電2020年Q3營收增29.2%、毛利率53.4%,2020/10/15,0.5875068696782211
[新聞] 台積電ADR開低走高逆勢抗跌 帶動台指期夜,2020/10/15,0.5555505609984497
[新聞] 台積電ADR收黑！華爾街短空長多,2020/10/16,0.060323164621782444
[新聞] 台積目標價 二外資上修,2020/10/16,0.014276403742170318
[新聞] 台幣暴升又怎樣？老謝揭台積法說大驚奇,2020/10/16,0.016986454112790317
[新聞] 453元的台積電仍值得投資！謝金河拿數據,2020/10/16,0.7859426865386528
[新聞] 赴美設廠 台積電積極準備,2020/10/17,0.37548792430242117
[新聞] 分析師：三星如「蒸氣壓路機」壓境，長期料奪台積電部分市占,2020/10/19,0.004158627754482613
[新聞] 高通、博通轉單 台積28奈米快塞爆,2020/10/21,0.11132522312567439
[新聞] 中科環差案初審過關 台積電利多,2020/10/21,0.3062049935565254
[新聞] 台灣窮得只剩下台積電？謝金河爆1句戳破,2020/10/21,0.004374201458410054
[新聞] 傳華為悄囤大量台積電晶片 足供中國5G至明年底,2020/10/23,0.8597303448898409
[新聞] 英特爾 Q3 財報不妙，想靠台積電扳回一城,2020/10/23,0.39929310720197086
[新聞] 賺翻了！台積電一上市就買進 10萬變1897,2020/10/24,0.007320089947319031
[新聞] Intel成為台積電7奈米處理器客戶：最快今,2020/10/24,0.06145576929506025
[新聞] 英特爾若全委外 台積電估奪75％市占年進帳百億美元,2020/10/26,0.0635991024651883
[新聞] 台積走疲 聯電傳金力撐 台股萬三再等等,2020/10/26,0.09236488448367464
[新聞] 比台積電還賺！這2檔股票買來放著不管年,2020/10/27,0.09277692029834006
[新聞] 盤中零股 小資族最愛十大 台積電再奪冠,2020/10/27,0.6883691818432687
[新聞] 第3季發明專利申請 台積電連6季居榜首,2020/10/27,0.9448807846663748
[新聞] 英特爾將在明年初決定是否委外代工？台積,2020/10/28,0.3742484644175329
[新聞] 台積電需求強勁　日商湧入台灣舊石化廠，還將改變高速公路,2020/10/28,0.0004926426808193884
[新聞] 散戶搶台積電太早了？專家：出現4大烏雲,2020/10/28,0.8985526307215729
[新聞] 傻子才買台積電？她曝「零股必買3支」…,2020/10/28,0.08732621573343669
[新聞] 台積電赴美傳八字有一撇　廠長人選出爐,2020/10/30,0.8518114792920983
[新聞] 台積電大舉採用智慧不斷電系統，協力商,2020/10/30,0.6891199887228653
[新聞] 台積電股價今年飆32％！但魏哲家坦言：這,2020/10/30,0.7582692645039382
[新聞] 「一個人的武林」如何解? 台積電給台灣一,2020/11/02,0.277037699310833
[新聞] 台積、聯電 瑞信喊加碼,2020/11/04,0.7024478878586148
[新聞] 台積電供應鏈鹹魚大翻身 洗衣也能年營收,2020/11/04,0.05830035967557656
[新聞] 拜登若成美國總統 台積電鴻海經營風險降低,2020/11/06,0.6214490567981268
[新聞] 陸龍頭廠2大客戶倒戈 台積28奈米爽撿槍,2020/11/09,0.03327390760863258
[新聞] 儲能市場規模成長逾 100 倍！台積電：十,2020/11/09,0.057363084341496395
"[新聞] 台積電10月營收1,193.03億 月減6.5%",2020/11/10,0.04351185657053325
[新聞] 本公司董事會決議股利分派(台積電),2020/11/10,0.046937440550772425
[新聞] 台積電美國投資定案 亞利桑那州子公司資,2020/11/10,0.90138616826769
[新聞] 台積電新高點 瑞銀喊出625,2020/11/11,0.7361985663637521
[新聞] 台積電美國亞利桑那州新廠資本額35億元美,2020/11/11,0.9965918789511805
[新聞] 新款MacBook問市 台積電、廣達、新日興,2020/11/11,0.10306046537676106
[新聞] 瑞銀喊台積625元,2020/11/12,0.276978194831203
[新聞] 張錫：台積電上看700元 台股2022年衝2萬,2020/11/12,0.36986121449807075
[新聞] 應材樂觀看待本季展望 台積電是上年度最,2020/11/13,0.9755043481987433
[新聞] 蘋果在美國境內生產晶片、台積電扮要角、,2020/11/13,0.5600121425085718
[新聞] 台積電傳明年結構調薪20% 將創最大調幅,2020/11/13,0.5163334097606634
[新聞] 台積電今明年EUV交貨30台起跳　穩坐ASML,2020/11/13,0.7933164467357094
[新聞] 台積電股價何時破歷史最高點466.5？謝金河,2020/11/14,0.3188522981310826
[新聞] 台積電零股股東三周增近4萬人 人均持有16,2020/11/14,0.06599568070402129
[新聞] 盤中零股交易上路　台積電股東激增逾4萬,2020/11/15,0.010343459411806255
[新聞] 貸款200萬元！北醫男只買台積電「6個月賺,2020/11/15,0.22229848888224857
[新聞] 台積湧急單 產能大爆滿,2020/11/16,0.1887409189740905
[新聞] 全面加薪二成？ 台積電：是將分紅轉列薪資啦,2020/11/16,0.04066014524048778
[新聞] 台積電宣布結構性調薪2成 員工透露魔鬼,2020/11/16,0.1677908799067097
[新聞] 台積電創天價存股族心癢了嗎? 證券老鳥曝,2020/11/16,0.005362085797202765
[新聞] 台積電要500該怎麼買 專家：買是可以但要,2020/11/16,0.12961733662826647
[新聞] 台積電一舉站上500元 台股漲逾220點朝138,2020/11/17,0.0047524429422720615
[新聞] 台積電2nm製程重大突破！2023年成真,2020/11/17,0.8972644426147813
[新聞] 台積電早盤開高走低 500元曇花一現,2020/11/17,0.21513187357048547
[新聞] 台積電創新高沒收上500元不妙？ 分析師,2020/11/17,0.8493391034727218
[新聞] 曾狂言併台積電變落魄國家隊！中國紫光13,2020/11/18,0.4073794574347456
[新聞] 台積創天價 54萬股東賺好賺滿,2020/11/18,0.17014949359670917
[新聞] 台積電市值超越南韓三星，韓媒直指股價被,2020/11/18,0.36855426736767916
[新聞] 追台積不如買三星?券商估股價短線漲2成,2020/11/19,0.009342035573133178
[新聞] 美鳳凰城批准開發協議 台積電5奈米廠將獲,2020/11/19,0.7216469177883289
[新聞] 【台積電落腳鳳凰城】台積電獲2.05億美元,2020/11/19,0.7983067928456814
[新聞] 1支iPhone 12 Pro賣4.4萬 台積電究竟賺多,2020/11/19,0.4510313350486139
[新聞] 台積電首度發行綠債 總額新台幣120億元,2020/11/23,0.4110991652103614
[新聞] 胖手指仙人指路?台積電期貨閃崩超過9%!,2020/11/24,0.34885224873835574
[新聞] 驚！台積電期貨閃崩9％ 有人一秒慘賠40萬,2020/11/24,0.22158586385667745
[新聞] 全球半導體排名 台積電位居第三,2020/11/25,0.0031602936796940595
[新聞] 台積電3奈米南科新廠上樑 在南科已投資2.,2020/11/25,0.8154019887636919
[新聞] 買台積電藏風險？專家曝「沒達1指標」後,2020/11/26,0.004075734616588389
[新聞] 三星放話超車台積電 3 奈米，成功機會渺,2020/11/27,0.041707553715119916
[新聞] 獨家 | 台積電再爆「叛將」跳槽中國泉芯,2020/11/28,0.021179471337665956
[新聞] 台股拚萬四 台積大立光扮要角,2020/11/29,0.0838664637167994
[新聞] 台股穩穩發!摩根士丹利升台積電目標價558,2020/11/30,0.0006046702260541492
[新聞] 大摩：押注5G成長的10支股票 蘋果、台積,2020/12/01,0.9692860863184242
[新聞] SK電訊自研AI晶元SAPEON X220將由台積電,2020/12/02,0.3485346497107725
[新聞] EUV設備搶輸台積 三星跳腳,2020/12/02,0.018317980445128335
[新聞] 台積電為2奈米GAA加裝雙保險　新增2.5奈,2020/12/02,0.007941691896182101
[新聞] 台積電快上500元 台股「萬四」近關情怯,2020/12/02,0.4707726729937648
[新聞] 強碰台積  三星奪高通5G旗艦晶片單,2020/12/03,0.8393712408885893
[新聞] 台積電翻黑聯電接棒領軍 指數攻破14000再,2020/12/03,0.9073792398808815
[新聞] 台積＋聯電 台股雙靠山,2020/12/04,0.2874111875664498
[新聞] 七外資喊「六」字頭！花旗提高台積電目,2020/12/04,0.1037594937329489
[新聞] 英特爾求才網站透漏，台積電可能將代工 A,2020/12/04,0.09926206697242146
[新聞] 三星搶設備、搶單 搶得過台積電嗎？,2020/12/04,0.046125021078864514
[新聞] 台積站穩500元 外資齊呼衝600元,2020/12/05,0.03771164015113826
[新聞] 台積電驚天肥單來了 美企求才網站竟洩密,2020/12/05,0.3466529649670239
[新聞] 《蘋果》獨家　台積叛將設據點　狂挖20人赴中,2020/12/06,0.6363195471314423
[新聞] 台積電5奈米產能 明年大成長,2020/12/07,0.7788608823801718
[新聞] 台積電創新天價519元 指數翻紅漲逾40點,2020/12/08,0.00917066619283391
[新聞] 台積市值 躍全球第九大,2020/12/09,0.1660245218292279
[新聞] 台積電衝破525元還能買？謝金河：長期持,2020/12/09,0.22520540096496333
[請益] 新科韭菜想請問 0056 VS0050 VS 台積電,2020/12/09,0.468937607284731
[新聞] 肯定7奈米領先全球 台積電獲2021年創新獎,2020/12/09,0.5806898235675036
[新聞] 中科環差過關 台積利多,2020/12/10,0.2987437866166953
[新聞] 台積公司2020年11月營收報告,2020/12/10,0.038932413285896916
[新聞] 台積電 11 月營收重回成長軌道，較 10,2020/12/10,0.0010455849970664177
[新聞] 傳蘋果與台積電合作開發Apple Car自駕車,2020/12/10,0.18259103913853836
[新聞] 地牛翻身！台積電：北部廠緊急疏散「系,2020/12/10,0.7419525977681245
[新聞] 蘋果首波砍單到！外資示警台積,2020/12/11,0.6521172818901544
[新聞] 〈台股盤後〉金融股接棒 台積電買盤承接 指數大洗三溫暖,2020/12/11,0.009998220314816897
[新聞] 台積電非獨舞!謝金河:原物料蠢動 貨櫃航,2020/12/13,0.5350410095648674
[新聞] 郭明錤：季節性影響 台積電明年首季5奈,2020/12/13,0.9857285695428541
[新聞] 台積電3倍薪資挖角人才　台灣即將進入量,2020/12/14,0.05595384951497584
[新聞] 劉德音：台積電沒有看到砍單 不擔心明年營運,2020/12/15,0.020397709743580905
[新聞] 蔣尚義傳回鍋中芯! 被叫台積電叛將壓力大,2020/12/15,0.5201936406616253
[新聞] 晶圓代工明年仍吃緊 台積電12吋接單變相,2020/12/15,0.8316718416357575
[新聞] 重磅！台積電傳奇回歸中芯國際,2020/12/16,0.05819357613930898
[新聞] 外資棄息落跑 台積電散戶要逃？專家1句,2020/12/16,0.769681081224756
[新聞] 台積電2叛將內訌！不爽蔣尚義升副董　梁,2020/12/16,0.04608815668802724
[新聞] 台積電2奈米量產廠環評 仍須補件再審,2020/12/16,0.004053143375914781
[新聞] 中芯人事大地震！台積電叛將起內鬨　蔣尚,2020/12/17,0.8446334067862455
[新聞] 台積電股民人人有「年終獎金」 60億股息,2020/12/18,0.5860691369692961
[新聞] 台股萬四恐慌！謝金河：我給你5個字 台積,2020/12/18,0.06663144173455193
[新聞] 全球晶片超缺！8 吋晶圓廠投資不足，傳台積電瀕極限,2020/12/18,0.007181466594116448
[新聞] 台積電7奈米助攻AMD 微軟投以愛慕眼光,2020/12/19,0.1707149358337806
[新聞] 財產All in台積電！新竹31歲工程師抱15張,2020/12/20,0.8052091628577144
[新聞] 優先供應台積電！美商英特格宣布60億元,2020/12/21,0.5485265758045068
[新聞] 台積3奈米產能 蘋果先包了,2020/12/21,0.32103620839044666
[新聞] 台積電千億赴美設5奈米廠 投審會今無條,2020/12/22,0.045802326860083675
[新聞] 【台積電前進鳳凰城】經濟部批准台積電35,2020/12/23,0.018750123535347996
[新聞] 台積電是「寶」！日媒：日本仍未放棄、力邀赴日設廠,2020/12/23,0.8209161583496761
[新聞] 就買台積電2／台股就像打一場美式足球賽,2020/12/26,0.08325053787990477
[新聞] 今年必買3大科技股！美媒點名台積電,2020/12/27,0.8627653691525821
[新聞] 超前部署「埃米時代」，高雄爭取台積電,2020/12/28,0.6162800755363256
[新聞] 韓媒：三星市值今達逾13兆超越台積電 估5,2020/12/28,0.24287319770043525
[新聞] 台積電：不排除赴高雄投資 但不是馬上去,2020/12/29,0.4962225336286864
[新聞] 台積電衝5奈米 傳明年12吋晶圓每月超過9W,2020/12/29,0.10168744304079513
[新聞] 台積電攻上519元　指數飆14555點歷史新高,2020/12/30,0.4234185811712622
[新聞] 台積電站上525元改寫收盤新高價,2020/12/30,0.003193159274815671
[新聞] 封關日台積電股價創高 年初買1張賺19.9萬,2020/12/31,0.41042258219119876
